Alicia-I_Love_The_Nightlife.134,2,1,0.9911720313540066,0.008212990373879165
2_pac-Changes.50,2,1,0.9834966157420637,0.01534337799865638
Anthrax-Out_Of_Sight_Out_Of_Mind.164,2,1,0.974472358218786,0.02362770625554143
Anthrax-SSC_Stand_Or_Fall.174,2,1,0.9724633987207462,0.02560659187069016
Anthrax-Lone_Justice.120,2,1,0.9707241242795082,0.02713166663329889
Anthrax-Finale.080,2,1,0.9638174525864508,0.03358429049219408
Anthrax-Aftershock.124,2,1,0.9613033170445049,0.03585617427872299
Avicii-Wake_Me_Up.092,2,1,0.9610413562067447,0.03607832418858048
Banarama-Na_Na_Hey_Hey_Kiss_Him_Goodbye.016,2,1,0.9589964763595292,0.03795032068497482
Anthrax-Now_Its_Dark.156,2,1,0.9589204962588959,0.03816455820962635
Banarama-Na_Na_Hey_Hey_Kiss_Him_Goodbye.074,2,1,0.9581406948432521,0.03881360660490352
Banarama-Na_Na_Hey_Hey_Kiss_Him_Goodbye.132,2,1,0.9559883002811488,0.04063985158561551
Slayer-Black_Magic.30,2,1,0.9532346793678202,0.04379869692024924
Avicii-Wake_Me_Up.086,2,1,0.9526980234055102,0.04381651099459412
AC_DC-You_shook_me_all_night_long.192,2,1,0.9510963008785108,0.04578472204867835
Anthrax-Medusa.082,2,1,0.950378406676209,0.04615558139433035
Credence_Clearwater_Revival-Looking_Out_My_Back_Door.30,2,1,0.9496010057216177,0.04677125218398787
S_Club_7-Bring_It_All_Back.80,2,1,0.9476028691646825,0.04863557012396526
Dirt_Nasty-Animal_Lover.50,2,1,0.9472891783171438,0.04887535101046605
Anthrax-Medusa.110,2,1,0.9468532914351582,0.04921596960737514
Ministry-Stigmata.70,2,1,0.9448864882641609,0.05121081986510932
Van_Halen-Top_Jimmy.80,2,1,0.9443859259897379,0.05154746450745391
Tool-The_Grudge.80,2,1,0.943535565240612,0.05269711234560882
Chuck_Mangione-Feels_So_Good.172,2,1,0.9434173715285495,0.05262673652029079
Credence_Clearwater_Revival-Looking_Out_My_Back_Door.50,2,1,0.9424773608842287,0.05332739319564637
Gloria_Gaynor-I_will_survive.60,2,1,0.9414773981678433,0.05424354659445029
Black_Eyed_Peas-My-Humps.002,2,1,0.9413964421981583,0.05446884995046639
Avicii-Wake_Me_Up.084,2,1,0.9376104245313023,0.0577815548403942
Anthrax-Lone_Justice.050,2,1,0.9368850808889999,0.05852183346166214
April_Wine-Roller.000,2,1,0.9351710026552816,0.06015039937065787
Anthrax-The_Enemy.128,2,1,0.9345805813643129,0.06032135385863032
Anthrax-Misery_Loves_Company.146,2,1,0.9336360874213527,0.06144792346327584
Anthrax-SSC_Stand_Or_Fall.170,2,1,0.9335071937514323,0.06212695725904252
Baauer-Harlem_Shake.056,2,1,0.9321557821442404,0.06301119193172813
Anthrax-Gridlock.140,2,1,0.9312775869233222,0.06353969788674817
Van_Halen-Girl_Gone_Bad.70,2,1,0.9298013784018081,0.06564566597179304
Bananarama-Venus.112,2,1,0.9293758578168432,0.06562584001112598
South_Park-Mountain_Town.40,2,1,0.928106229900492,0.0669818878474371
Anthrax-Armed_And_Dangerous.130,2,1,0.9254458279787211,0.06902319397040027
Banarama-Na_Na_Hey_Hey_Kiss_Him_Goodbye.106,2,1,0.925276920257635,0.06938679517406462
The_Temptations-Papa_was_a_Rollin_Stone.30,2,1,0.9251148846048041,0.06948724052378
Banarama-Na_Na_Hey_Hey_Kiss_Him_Goodbye.094,2,1,0.9247911931854428,0.06960072795097536
Bananarama-Venus.122,2,1,0.9234409807358617,0.0708397573355512
Anthrax-Lone_Justice.164,2,1,0.9231720326893712,0.07112836720531802
April_Wine-You_Could_Have_Been_A_Lady.006,2,1,0.9225227593726962,0.07181668821166645
The_Piano_Guys-Somewhere_Over_the_Rainbow.010,2,1,0.922127684932705,0.0724962684420519
Avicii-Wake_Me_Up.082,2,1,0.9214671349322343,0.0732637744896208
Anthrax-Antisocial.082,2,1,0.9214229353519111,0.07274390179457818
Judas_Priest-The_Sentinel.40,2,1,0.9212765074695939,0.07290819692557322
Ariana_Grande_ft_Iggy_Azalea-Problem.008,2,1,0.9204319644260365,0.07385042426969049
Anthrax-Medusa.094,2,1,0.9200125302145784,0.07451185908765352
Chic-Le_Freak.50,2,1,0.9198860889655506,0.07476844810241372
Baauer-Harlem_Shake.002,2,1,0.919502146312255,0.07477543205709652
Bananarama-Venus.186,2,1,0.9193718438441608,0.07501956332980006
Tool-Sober.70,2,1,0.9193357701892259,0.0749553993348611
Van Halen- Drop Dead Legs.40,2,1,0.9191666256751291,0.07532707504728473
Venom-At_War_With_Satan.30,2,1,0.9187889301218153,0.07508627672835044
Soundgarden-Mind_Riot.30,2,1,0.9185629368022872,0.07562406847358802
April_Wine-Enough_is_Enough.002,2,1,0.9183861794234969,0.07594709915401096
Chuck_Mangione-Feels_So_Good.164,2,1,0.9181358430983932,0.07639661154279309
Rage_Against_The_Machine-Township_Rebellion.80,2,1,0.9178789233909878,0.07625787176126678
Anthrax-Schism.112,2,1,0.9178051730509351,0.07622081169495074
Anthrax-Make_Me_Laugh.110,2,1,0.9154756550608503,0.07829698324819465
Black_Eyed_Peas-My-Humps.108,2,1,0.9149470832284418,0.07905605396196212
Chuck_Mangione-Feels_So_Good.190,2,1,0.9142569569926202,0.07987316349294159
Baauer-Harlem_Shake.116,2,1,0.913764045995024,0.07999189553087856
Banarama-Na_Na_Hey_Hey_Kiss_Him_Goodbye.014,2,1,0.9137608848079578,0.0802389264930169
Vicki_Sue_Robinson-Turn_the_beat_around2.60,2,1,0.9136229294741124,0.08017497942757247
Metallica-Seek_and_Destroy.30,2,1,0.913434773611216,0.08046700954294561
Beach_Boys-Surfing_USA.050,2,1,0.9131491061527011,0.0804744336126129
Billy_Talent-The_Ex.008,2,1,0.9129608407787666,0.08078399196812511
Snoop_Dogg_ft_Pharrell_Williams-Drop_It_Like_Its_Hot.80,2,1,0.9124235329338979,0.08148407424865996
Avicii-Wake_Me_Up.074,2,1,0.911770790768432,0.08207034369011983
Billy_Idol-Mony_Mony.154,2,1,0.9107002804171369,0.08273681353619443
Anthrax-Medusa.200,2,1,0.9105640602021408,0.08310966378244895
Beach_Boys-Surfing_USA.024,2,1,0.9104529029396089,0.08337282378519026
South_Park-Mountain_Town_Reprise_Song.50,2,1,0.9103889303985669,0.08336449371640603
Bananarama-Venus.052,2,1,0.9100225516672689,0.08354070266271897
Bananarama-Venus.114,2,1,0.9095689810623379,0.08392746970918347
Black_Eyed_Peas-My-Humps.004,2,1,0.9094358742582747,0.08422158020306555
Baauer-Harlem_Shake.164,2,1,0.9082638247987007,0.08541021323506459
Anthrax-Schism.000,2,1,0.9081547491419005,0.08545234693443671
Anthrax-Out_Of_Sight_Out_Of_Mind.058,2,1,0.9081149588957379,0.08576752331980904
Autograph-Turn_Up_The_Radio.010,2,1,0.9080182583498043,0.08577204395755744
Beach_Boys-Surfing_USA.000,2,1,0.9079865412049941,0.08553109591474585
Anthrax-SSC_Stand_Or_Fall.026,2,1,0.907270169884974,0.08622903518750237
Heart-Barracuda.60,2,1,0.9064152442692489,0.0870071073724303
AC_DC-You_shook_me_all_night_long.136,2,1,0.9061651962327911,0.08730827215147649
Avicii-Wake_Me_Up.078,2,1,0.9059745160521989,0.08734679003181815
Bananarama-Venus.124,2,1,0.9055098149540153,0.08776740105288004
Anthrax-Pipeline.000,2,1,0.9054324186105991,0.08792903421961387
Anthrax-Misery_Loves_Company.112,2,1,0.9054096533153085,0.08774531773902614
Banarama-Na_Na_Hey_Hey_Kiss_Him_Goodbye.056,2,1,0.9043654262364041,0.0889123800304431
Banarama-Na_Na_Hey_Hey_Kiss_Him_Goodbye.090,2,1,0.9039759237539655,0.08969803457222444
Bananarama-Venus.014,2,1,0.9039336335222966,0.08948687813890092
Anthrax-Medusa.044,2,1,0.9037621199220872,0.08960939578174147
Beach_Boys-Surfing_USA.022,2,1,0.9031631103077324,0.09032949987835354
Bananarama-Venus.116,2,1,0.9029824128355332,0.09012026818799553
Anthrax-Madhouse.010,2,1,0.9027954926675,0.0903949609896767
Banarama-Na_Na_Hey_Hey_Kiss_Him_Goodbye.078,2,1,0.902240823833804,0.09108752312924975
AC_DC-You_shook_me_all_night_long.088,2,1,0.9018868739402993,0.09201530263862423
Avicii-Wake_Me_Up.120,2,1,0.9015912845746471,0.09143971294415268
Anthrax-Medusa.020,2,1,0.9011538975741598,0.09163600894969492
Bananarama-Venus.130,2,1,0.8999046403625324,0.09301561563423734
Van Halen- Drop Dead Legs.30,2,1,0.899831193430365,0.0932856003413137
Anthrax-Finale.008,2,1,0.8993996782793878,0.0933760749842391
Anthrax-Madhouse.174,2,1,0.8992810211160709,0.09379420203118292
Anthrax-Misery_Loves_Company.182,2,1,0.8990944074677489,0.09482050279264263
The_Piano_Guys-Somewhere_Over_the_Rainbow.016,2,1,0.8989891110361122,0.09425948067641603
Avicii-Wake_Me_Up.076,2,1,0.8985468015589462,0.09397398530516851
Baauer-Harlem_Shake.048,2,1,0.8969682057827363,0.09585486564616597
Robert_Palmer-Simply_Irresistible.80,2,1,0.8956096875651324,0.09718631594136566
Billy_Talent-Fallen_Leaves.000,2,1,0.8948761102417986,0.09794585415203169
Bananarama-Venus.198,2,1,0.8943571859219295,0.09820297129141735
Twisted_Sister-Stay_Hungry.70,2,1,0.8942388875951118,0.09859465964726788
Anthrax-Make_Me_Laugh.124,2,1,0.8939308560440665,0.09850273153583407
Anthrax-I_Am_The_Law.000,2,1,0.893620873239165,0.09906597979962754
Bananarama-Venus.094,2,1,0.8935192187483287,0.09895001886538868
Beach_Boys-California_Girls.126,2,1,0.8928672001984947,0.09963708164400517
Tony_Vega-Deja.50,2,1,0.8919312543294023,0.1004237786788849
Anthrax-Aftershock.130,2,1,0.8918323379974753,0.1009316153956672
Grupo_Niche_and_El_Gran_Combo_de_Puerto_Rico_and_Gilberto_SantaRosa-Salsa_mix.30,2,1,0.8910257601245489,0.1015878724171027
South_Park-Kyles_Moms_a_Bitch.40,2,1,0.8909391493313026,0.1017236133835836
Banarama-Na_Na_Hey_Hey_Kiss_Him_Goodbye.114,2,1,0.890397976731187,0.1016724407225112
Dank_Angel-Merciless_Death.60,2,1,0.8898076591888133,0.102694417929993
Beach_Boys-Barbara_Ann.082,2,1,0.8897017909705178,0.1032532264539923
Credence_Clearwater_Revival-Down_On_The_Corner.80,2,1,0.8896366847855931,0.1028092253459663
Tony_Vega-Yo_Me_Quedo.40,2,1,0.8895836031281462,0.1029578532502182
Bananarama-Venus.156,2,1,0.8895583314688985,0.1027102195395733
Bananarama-Venus.100,2,1,0.8890873789519351,0.1030050634182878
Anthrax-Finale.042,2,1,0.8884551228568217,0.1037476245926232
Beach_Boys-Barbara_Ann.084,2,1,0.8883792753470933,0.1046907966509083
Billy_Idol-Mony_Mony.194,2,1,0.8879584365152847,0.1045689599497421
Avicii-Wake_Me_Up.070,2,1,0.8877377546384996,0.104215117898642
Judas_Priest-Hell_Bent_For_Leather.30,2,1,0.8876854904059783,0.1044289320741499
Bananarama-Venus.176,2,1,0.8872877405533388,0.1050305117954843
South_Park-I_Can_Change.50,2,1,0.886353503062827,0.1058600167247636
Trooper-Boys_in_the_Bright_White_Sports_Car.80,2,1,0.8855559177678061,0.1063649970714853
Chuck_Mangione-Feels_So_Good.194,2,1,0.8846937334586189,0.1076908493261597
Baauer-Harlem_Shake.122,2,1,0.8841986601025787,0.107457305450411
Tone_Loc-Wild_Thing.80,2,1,0.8836135433648883,0.1079538767286704
Anthrax-Armed_And_Dangerous.150,2,1,0.8833036554781133,0.108739121754679
Anthrax-Make_Me_Laugh.064,2,1,0.8832003992270797,0.1098591947317414
Bananarama-Venus.184,2,1,0.8830234747345246,0.1089082277613239
Rage_Against_The_Machine-Know_Your_Enemy.40,2,1,0.8829587755913417,0.1091395573536236
Anthrax-AIR.058,2,1,0.8823778629248589,0.1098207994238416
Anthrax-Finale.150,2,1,0.881975516478887,0.1101893226094323
Sir_Mix_a_Lot-Babys_Got_Back.30,2,1,0.8817159533129005,0.1108551603096473
Bananarama-Venus.090,2,1,0.8812399847509229,0.1110984404877004
Bananarama-Venus.200,2,1,0.8810964804693704,0.1108995128201184
Anthrax-SSC_Stand_Or_Fall.028,2,1,0.8808453121965895,0.1110879236657331
AC_DC-Highway_to_Hell.004,2,1,0.8797311976147455,0.1120018118468476
Christina_Millan-Dip_It_Low.30,2,1,0.8796540991790256,0.1122895669033593
Bananarama-Venus.178,2,1,0.8793301843835143,0.1129019573631909
Black_Sabbath-Children_Of_The_Grave.002,2,1,0.8790931819637181,0.1128837003722681
Anthrax-Antisocial.092,2,1,0.877955582844821,0.1132209472239464
Chuck_Mangione-Feels_So_Good.188,2,1,0.8777611355791773,0.1139089527869495
Twisted_Sister-Were_Not_Gonna_Take_It.40,2,1,0.8773735149799551,0.1154532098516773
Bananarama-Venus.098,2,1,0.8769308477611377,0.1147607698290651
Alicia-I_Love_The_Nightlife.136,2,1,0.8767667437864949,0.1145526382925149
AC_DC-You_shook_me_all_night_long.002,2,1,0.876281937871561,0.1152867196498367
Chuck_Mangione-Feels_So_Good.118,2,1,0.8744099988989512,0.1169910332879262
South_Park-Chef_chocolate_salty_balls.50,2,1,0.8741867614155933,0.1172616959089639
Bananarama-Venus.108,2,1,0.8739489316315318,0.1174622362994923
Bananarama-Venus.138,2,1,0.8737037235725107,0.1177882675810321
Anthrax-Out_Of_Sight_Out_Of_Mind.000,2,1,0.8736605524393617,0.1176498597864115
Rodney_O-Humps_For_The_Blvd.50,2,1,0.8727703418659516,0.1183221468327754
Daft_Punk-One_More_Time_(Full_Album_Version).30,2,1,0.8727020861567565,0.1188238418718262
Anthrax-Parasite.008,2,1,0.8721245048124159,0.1191951375333976
Anthrax-SSC_Stand_Or_Fall.038,2,1,0.8718998140575626,0.1193813109776492
The_Temptations-Papa_was_a_Rollin_Stone.80,2,1,0.8716044394872986,0.1205411669802453
Anthrax-Belly_Of_The_Beast.200,2,1,0.8713047442981003,0.1204016194314192
Bananarama-Venus.190,2,1,0.8710877011049758,0.1200102614995516
Billy_Talent-Fallen_Leaves.006,2,1,0.8708241905582627,0.1200348582886906
Banarama-Na_Na_Hey_Hey_Kiss_Him_Goodbye.068,2,1,0.8708006434116153,0.1204731671452038
Anthrax-AIR.044,2,1,0.870498254908933,0.1204388211247483
Anthrax-Gung-Ho.124,2,1,0.8694298903656629,0.1214120330012554
South_Park-I_Can_Change.60,2,1,0.8688108031886984,0.1223050740508815
Anthrax-Who_Cares_Wins.200,2,1,0.8685131010516668,0.1229981867918979
Bananarama-Venus.146,2,1,0.8679564472083516,0.1234078559594436
Queen-Fat_Bottomed_Girls.30,2,1,0.8676917793462879,0.1233944121626789
John_Denver-Thank_God_Im_A_Country_Boy.80,2,1,0.8673327478138885,0.1231982139623193
Beach_Boys-Barbara_Ann.026,2,1,0.8669014724615235,0.1245465469609096
Afrojack-Take_Over_Control.066,2,1,0.8668550664745773,0.1240029646178962
Bananarama-Venus.132,2,1,0.8663951101898643,0.124285623196686
Anthrax-Medusa.126,2,1,0.8661726831131021,0.1246922924316281
Anthrax-Imitation_Of_Life.004,2,1,0.865990175957723,0.1251892222670981
Mickey_Avalon-Jane_Fonda.80,2,1,0.8659686508480039,0.12533929364222
Beach_Boys-Barbara_Ann.040,2,1,0.8659261609853763,0.125226616105039
Anthrax-Armed_And_Dangerous.200,2,1,0.8659010259962303,0.1253818217665355
April_Wine-Enough_is_Enough.104,2,1,0.8651640722875031,0.125592978999124
PSY-Gangnam_Style.70,2,1,0.8645185150508667,0.1262765229699749
Anthrax-Aftershock.092,2,1,0.8642254686079808,0.1262112685097981
Bananarama-Venus.012,2,1,0.8640861831407235,0.1267447099880876
Tony_Vega-Esa_Mujer.40,2,1,0.8639689087218475,0.1263612909735022
Billy_Talent-Devil_In_A_Midnight_Mass.000,2,1,0.8638075492315685,0.1270816939115972
South_Park-Dio_Holy_Diver.50,2,1,0.8635888097817358,0.1274445105777706
Avicii-Wake_Me_Up.164,2,1,0.8632127831142146,0.1280367761100359
Billy_Idol-Mony_Mony.030,2,1,0.8628422792988749,0.1272543535715154
Beach_Boys-California_Girls.062,2,1,0.8626731425700364,0.1269573450200839
Anthrax-Aftershock.194,2,1,0.862318001691655,0.1287801174834914
Bananarama-Venus.022,2,1,0.8615001826183145,0.1290817882650569
Anthrax-Medusa.198,2,1,0.8601335356814385,0.1299263935983346
Autograph-Turn_Up_The_Radio.004,2,1,0.8599011985239603,0.1306790507424005
Anthrax-Discharge.182,2,1,0.8598486948754129,0.1305257441884733
Anthrax-Gung-Ho.096,2,1,0.8595118949174395,0.1310484641806788
Chuck_Mangione-Feels_So_Good.200,2,1,0.8594392449096422,0.1313627200722617
Blondie-Call_Me.034,2,1,0.858594556130118,0.1328479734873121
Iron_Maiden-Killers.50,2,1,0.8585006373786646,0.1327340036501095
Bananarama-Venus.118,2,1,0.8583402313345304,0.1319744144819555
Baauer-Harlem_Shake.120,2,1,0.857645903537668,0.1328364645359475
Bananarama-Venus.006,2,1,0.8566773659174114,0.1334154939386444
Van_Halen- Could_This_Be_Magic.80,2,1,0.8566227371795032,0.1336792225786633
Antrhax-Efilnikufesin (N.F.L.).098,2,1,0.8543875677536922,0.1354718436447725
Billy_Idol-Mony_Mony.022,2,1,0.8539903550389099,0.1355334465631452
Banarama-Na_Na_Hey_Hey_Kiss_Him_Goodbye.096,2,1,0.8536442839004119,0.136328195099611
Anthrax-Madhouse.084,2,1,0.8535810841594298,0.1361549574344488
Anthrax-AIR.134,2,1,0.8532634034134625,0.1368045850274259
Bananarama-Venus.010,2,1,0.8528462872909689,0.1373236927349803
Billy_Talent-Fallen_Leaves.002,2,1,0.8521733826205778,0.137850449512778
AC_DC-You_shook_me_all_night_long.008,2,1,0.8511756853214679,0.1392183596786268
Anthrax-Lone_Justice.102,2,1,0.8506624849704831,0.1394455489245324
Bananarama-Venus.026,2,1,0.850588169426947,0.1393717410493872
Baauer-Harlem_Shake.012,2,1,0.8504979846660732,0.1396336715665572
Megadeth-Set_The_World_Afire.30,2,1,0.8503227073696642,0.1406415386428942
Bananarama-Venus.018,2,1,0.8502410997286383,0.1395618729674042
Black_Sabbath-Children_Of_The_Grave.070,2,1,0.8499006270928918,0.1404031755156155
Kim_Mitchell-Go_for _a_Soda.70,2,1,0.8497389916622085,0.1399368979962839
Bananarama-Venus.160,2,1,0.8496237329830927,0.1407390241643337
Afrojack-Take_Over_Control.146,2,1,0.8487884639989304,0.1411234566541699
Cinderella-Shake_Me.80,2,1,0.8487501863060695,0.1402813721614029
Carly_Rae_Jespen-Call_Me_Maybe.70,2,1,0.8484375871365383,0.1406857845478895
Bananarama-Venus.106,2,1,0.8476214911455833,0.1426198559211863
Beach_Boys-Surfing_USA.066,2,1,0.8460332532964626,0.1435073941455516
Banarama-Na_Na_Hey_Hey_Kiss_Him_Goodbye.102,2,1,0.8453600592609958,0.1444319224939379
The_Romantics-What_I_Like_About_You.70,2,1,0.8448496706825579,0.1458544933724535
Testament-Envy_Life.80,2,1,0.8447155630019983,0.145573583798922
Anthrax-Discharge.124,2,1,0.8437156207664428,0.1473848052422945
Anthrax-Medusa.060,2,1,0.8431253995268196,0.1468691707124827
Bananarama-Venus.062,2,1,0.842810918281019,0.1466458971023788
Metallica-Blackened.40,2,1,0.8427715439602991,0.1462316762231869
Anthrax-AIR.124,2,1,0.8416306336656212,0.1481651292697639
Beach_Boys-Surfing_USA.060,2,1,0.841253855333422,0.1482626621587091
Anthrax-Out_Of_Sight_Out_Of_Mind.122,2,1,0.8412345051629709,0.1482973901655182
The_Piano_Guys-Somewhere_Over_the_Rainbow.014,2,1,0.8409904194512948,0.1484194766322401
Blondie-Call_Me.064,2,1,0.8406808749208486,0.1491805245126197
Anthrax-Who_Cares_Wins.042,2,1,0.8401252351893477,0.1501495090082808
Anthrax-Out_Of_Sight_Out_Of_Mind.022,2,1,0.838862698001099,0.1513678201373431
Alice_Cooper-No_More_Mr_Nice_Guy.174,2,1,0.838337918390275,0.1505729019279344
Sammy_Haga-I_Cant_Drive_55.30,2,1,0.8374554438949595,0.1522909707463985
Anthrax-Gridlock.082,2,1,0.8370222092951297,0.1514489405047941
Vicki_Sue_Robinson-Turn_the_beat_around2.30,2,1,0.8366632939789691,0.1525217982192449
Alice_Cooper-No_More_Mr_Nice_Guy.004,2,1,0.836080601416263,0.1532723908416093
Annhilator-Imperiled_Eyes.168,2,1,0.8360153381036266,0.1525815064090337
Banarama-Na_Na_Hey_Hey_Kiss_Him_Goodbye.140,2,1,0.8348416099938737,0.1544801653328138
Banarama-Na_Na_Hey_Hey_Kiss_Him_Goodbye.030,2,1,0.8339264875700504,0.1547890169142365
S_Club_7-Bring_It_All_Back.40,2,1,0.8335409508926622,0.1551772534383938
Bananarama-Venus.074,2,1,0.8326584701716674,0.1566536881990764
Bananarama-Venus.064,2,1,0.832646335918558,0.1567037345494534
Billy_Idol-Mony_Mony.050,2,1,0.8326238291941285,0.1562183537670316
Anthrax-Medusa.058,2,1,0.8322295795435052,0.1566192974455622
Bananarama-Venus.148,2,1,0.8298172654238158,0.1596477291424356
Avicii-Wake_Me_Up.050,2,1,0.8286385923888432,0.1600342364517482
The_Offpring-Pretty_Fly.70,2,1,0.8281888374782439,0.160431206453158
Anthrax-Armed_And_Dangerous.180,2,1,0.8273996316242417,0.1616033052971492
South_Park-Uncle_Fucka.30,2,1,0.8273733104151855,0.1614222239341724
Tony_Vega-Ella Es.80,2,1,0.8273590554051506,0.161852048440978
Baauer-Harlem_Shake.010,2,1,0.8270250706042532,0.1618169826394981
Metallica-No_Remorse.60,2,1,0.8269812842360748,0.1620872936596773
Baauer-Harlem_Shake.046,2,1,0.8265298979895573,0.1621093958639065
Anthrax-Now_Its_Dark.112,2,1,0.8256310526765916,0.1629731503557651
Anthrax-Medusa.134,2,1,0.8251443502901018,0.1637669270523576
Anthrax-Armed_And_Dangerous.136,2,1,0.8250258840966136,0.1633910832847411
Billy_Joel-Uptown_Girl.016,2,1,0.8243889251982893,0.1643995854350322
Bananarama-Venus.162,2,1,0.8236861410473149,0.1649670846207193
Anthrax-Medusa.042,2,1,0.823323161620076,0.1653168293326555
Anthrax-Medusa.144,2,1,0.8233008689825935,0.1648721854338874
Anthrax-Misery_Loves_Company.018,2,1,0.8228073594671081,0.1658228638546567
Van_Halen-Top_Jimmy.30,2,1,0.8223428234479575,0.1660976603728471
Anthrax-Medusa.026,2,1,0.8217995370917243,0.16649315520566
Anthrax-Who_Cares_Wins.112,2,1,0.821625159958912,0.1671069480815867
Anthrax-Armed_And_Dangerous.186,2,1,0.8209747447448624,0.1679435801162151
Mudhoney-In_n_Out_Of_Grace.60,2,1,0.82076311980949,0.1669850067147961
Black_Sabbath-Children_Of_The_Grave.106,2,1,0.8206263967912315,0.1676849742125621
Anthrax-Make_Me_Laugh.138,2,1,0.8203128481371575,0.1684002851946091
Anthrax-Armed_And_Dangerous.140,2,1,0.8201806372186109,0.1677305243423672
Anthrax-Armed_And_Dangerous.166,2,1,0.8192751886778478,0.1687879040095003
April_Wine-Roller.140,2,1,0.8192616196128881,0.1693477410472519
Anthrax-Finale.024,2,1,0.8182601615741756,0.1696571444607536
Afrojack-Take_Over_Control.160,2,1,0.8179394180749846,0.1703904779263739
South_Park-Chef_chocolate_salty_balls.40,2,1,0.8178930423169878,0.1690634743289593
Iron_Maiden-Sanctuary.30,2,1,0.8163526147531822,0.1721084302083664
The_Piano_Guys-Somewhere_Over_the_Rainbow.040,2,1,0.8163174820569665,0.1723144770495771
AC_DC-You_shook_me_all_night_long.010,2,1,0.8159892458046057,0.1724324981877756
Anthrax-Lone_Justice.088,2,1,0.8150940224426891,0.1739613067246541
Anthrax-Medusa.056,2,1,0.8148033725769784,0.1730530134935515
Billy_Idol-Mony_Mony.000,2,1,0.8146893563462622,0.1732912061339777
Anthrax-AIR.140,2,1,0.813099460155172,0.1750995981471226
AC_DC-Highway_to_Hell.074,2,1,0.8128433096497405,0.1756321978454608
Anthrax-Gridlock.002,2,1,0.8126054653819902,0.1757636535948233
Anthrax-Discharge.002,2,1,0.8111547464679988,0.176826973582993
Bananarama-Venus.168,2,1,0.8108495577220083,0.1771977805518844
Drake-The_Motto.60,2,1,0.8104151212939621,0.1777866208861162
Anthrax-Make_Me_Laugh.048,2,1,0.809245769615171,0.1787874512656318
Stevie_Wonder-Higher_Ground.30,2,1,0.8087164516843479,0.1794379376473681
Anthrax-Finale.098,2,1,0.8082026595027495,0.1802718157389099
Bananarama-Venus.088,2,1,0.8074474705192928,0.1807658571443876
Billy_Idol-Rebel_Yell.002,2,1,0.807248063934502,0.1809304131072216
Doobie_Brothers-China Grove.60,2,1,0.8067158374410253,0.1812828933013436
Billy_Idol-Mony_Mony.004,2,1,0.8063773412593473,0.1812602836026554
Autograph-Turn_Up_The_Radio.018,2,1,0.8055979240773187,0.1829565680656628
Anthrax-Gung-Ho.178,2,1,0.8053972852444973,0.1820315353418514
Anthrax-Finale.078,2,1,0.8047003158076821,0.1828027475779905
Billy_Idol-Mony_Mony.014,2,1,0.802858815954454,0.1852051403763528
Bananarama-Venus.058,2,1,0.8017474612928149,0.1855511730096407
Anthrax-AIR.166,2,1,0.8017058666463506,0.1856200200749888
Katrina_and_the_waves-Walking_on_sunshine.40,2,1,0.8009865481704629,0.1891248535963249
Anthrax-Sects.142,2,1,0.800859377737739,0.1851686612783619
Anthrax-Medusa.194,2,1,0.8001017549278829,0.1866182000780126
Bananarama-Venus.024,2,1,0.7998091805382583,0.1877642155723727
Billy_Idol-Mony_Mony.100,2,1,0.7990128045884947,0.188451277104015
Dead_Kennedys-A_Growing_Boy_Needs_His_Lunch.80,2,1,0.798189659429951,0.1897382296763951
Anthrax-Medusa.170,2,1,0.7977510869228308,0.191043631675853
Billy_Idol-Mony_Mony.174,2,1,0.7976130609060078,0.1891982393623492
Anthrax-Finale.038,2,1,0.797467566551607,0.1891432535743625
Seals_and_Crofts-Summer_Breeze.30,2,1,0.7964648593867212,0.1903316917139646
Anthrax-Lone_Justice.024,2,1,0.7961523731386392,0.1904405859334702
Anthrax-Out_Of_Sight_Out_Of_Mind.128,2,1,0.7959871423350182,0.1910676232147011
Anthrax-Finale.182,2,1,0.7957495875716675,0.1914300846551483
AC_DC-You_shook_me_all_night_long.014,2,1,0.795586663776523,0.1917245456981523
Anthrax-Schism.130,2,1,0.7951497079909019,0.1928351401599792
Beach_Boys-Barbara_Ann.092,2,1,0.794889772716235,0.1921198733334769
Anthrax-Gung-Ho.150,2,1,0.7948397565474499,0.1939930789257371
AC_DC-You_shook_me_all_night_long.026,2,1,0.7945338400215943,0.1923293905384363
Anthrax-Finale.190,2,1,0.7945064435913934,0.1933385906022186
Anthrax-Gridlock.194,2,1,0.7939456504379712,0.1935924248175047
Anthrax-Madhouse.170,2,1,0.7934629316157983,0.1942563319919305
El_Gran_Combo_de_Puerto_Rico-Un_verano_en_Nueva_York.30,2,1,0.7931686673200192,0.1952061231966062
Van_Halen-Hot_For_Teacher.70,2,1,0.7920169341043475,0.1947534089333048
Afrojack-Take_Over_Control.058,2,1,0.7918407071814673,0.1947389163312537
Avicii-Wake_Me_Up.068,2,1,0.7913748939271305,0.1955413325849609
Anthrax-Medusa.098,2,1,0.7908307783472858,0.1962584875623698
Anthrax-Finale.044,2,1,0.7904158765266559,0.1964000366640259
Anthrax-Antisocial.010,2,1,0.7898289870113037,0.1960261305946499
Anthrax-Armed_And_Dangerous.178,2,1,0.7895519186923723,0.1972324465906403
Tone_Loc-Wild_Thing.60,2,1,0.7883101639144668,0.1984862762390407
Banarama-Na_Na_Hey_Hey_Kiss_Him_Goodbye.082,2,1,0.787049796615078,0.2006904957716708
Anthrax-Gridlock.148,2,1,0.7870218657935214,0.2009819918596831
Venom-Raise_The_Dead.80,2,1,0.7861422511040824,0.2022157769514407
Anthrax-Make_Me_Laugh.126,2,1,0.7861200309153821,0.2005708980546945
Chuck_Mangione-Feels_So_Good.158,2,1,0.7857934190140725,0.201194706285689
The_Romantics-What_I_Like_About_You.60,2,1,0.7848027462077724,0.2025707129920639
AC_DC-You_shook_me_all_night_long.004,2,1,0.7846439072364686,0.2021961434964017
Anthrax-The_Enemy.092,2,1,0.78417633665367,0.2029266746272281
Beach_Boys-Surfing_USA.018,2,1,0.7835926350767515,0.2021417527083883
Tony_Vega-Dejame_SonÌƒar.60,2,1,0.7832310666856244,0.2034551215073884
South_Park-I_Can_Change.70,2,1,0.7828640046213887,0.2036762294110527
Anthrax-SSC_Stand_Or_Fall.112,2,1,0.7817489344982855,0.2045049416910958
Anthrax-Gung-Ho.180,2,1,0.7815517025704625,0.2057599590258186
Anthrax-Aftershock.112,2,1,0.7813227510968889,0.2058332580880312
Anthrax-Medusa.140,2,1,0.7809962031274221,0.2058445872917241
Bananarama-Venus.196,2,1,0.7805427588407365,0.2063943816764558
Black_Sabbath-Children_Of_The_Grave.084,2,1,0.7803780635721486,0.2049363398294469
Trey_Songz-Bottoms_Up.60,2,1,0.7795496106549602,0.2080363188866409
Black_Eyed_Peas-My-Humps.106,2,1,0.7780470549286332,0.2082663021618291
AC_DC-Highway_to_Hell.000,2,1,0.7766145088058934,0.2097063240162534
Tony_Vega-Aparentemente.40,2,1,0.7749509553679269,0.2113139327951548
Anthrax-Lone_Justice.080,2,1,0.7749013013686414,0.2115702103991886
Anthrax-Misery_Loves_Company.048,2,1,0.7742621991599091,0.2123954651621117
Beastie_Boys-Girls.002,2,1,0.7717051531925674,0.21457150102619
Beach_Boys-Surfing_USA.016,2,1,0.7717029982180292,0.2149232564073527
Beastie_Boys-Girls.004,2,1,0.77153966310559,0.2147199064695458
Beastie_Boys-Girls.000,2,1,0.7715341604023509,0.2147507478522124
Banarama-Na_Na_Hey_Hey_Kiss_Him_Goodbye.070,2,1,0.771461392680198,0.2136633740059424
Banarama-Na_Na_Hey_Hey_Kiss_Him_Goodbye.158,2,1,0.7714433366635031,0.2148889355619051
Billy_Talent-Fallen_Leaves.012,2,1,0.7713236146980972,0.2148734383500331
Beastie_Boys-Girls.062,2,1,0.7711017208686708,0.2151488596774702
Bananarama-Venus.054,2,1,0.7710330557594837,0.2146966471373679
Black_Sabbath-Children_Of_The_Grave.192,2,1,0.7709444145198412,0.2148048842690999
Beastie_Boys-Girls.088,2,1,0.7700080326679185,0.2159697743633528
Beastie_Boys-Girls.060,2,1,0.7696463267754748,0.2172207926294133
Anthrax-SSC_Stand_Or_Fall.032,2,1,0.7696273393267906,0.2158741313053825
Testament-Greenhouse_Effect.60,2,1,0.7694511153616954,0.2168265716928502
Anthrax-Medusa.014,2,1,0.7693832388499675,0.21703899685489
Afrojack-Take_Over_Control.152,2,1,0.7691122330690283,0.2158327838303457
Twisted_Sister-I_Wanna_Rock.70,2,1,0.7687608993076419,0.2191336803259323
Beach_Boys-I_Get_Around.030,2,1,0.7684437329232481,0.2182285798380366
Anthrax-Madhouse.182,2,1,0.7683878987330697,0.2188298414006085
Billy_Talent-Fallen_Leaves.010,2,1,0.7682696207798605,0.2178914652076265
Anthrax-Schism.144,2,1,0.7669206163281099,0.2176010564324072
Mudhoney-In_n_Out_Of_Grace.80,2,1,0.7661548010566047,0.2193205476170266
Annhilator-Imperiled_Eyes.196,2,1,0.7649821223030334,0.2204966712100586
Banarama-Na_Na_Hey_Hey_Kiss_Him_Goodbye.020,2,1,0.7646734420476675,0.2205066655353555
Beach_Boys-Surfing_USA.048,2,1,0.7639698222169256,0.2208761448667688
Megadeth-Mechanix.60,2,1,0.7637709903175054,0.2210398163389254
Credence_Clearwater_Revival-Down_On_The_Corner.60,2,1,0.7626411561524198,0.2228587872579968
Billy_Joel-Uptown_Girl.136,2,1,0.7609465972310969,0.2241792078259906
Anthrax-One_World.058,2,1,0.760291472742856,0.224031187496934
Anthrax-Lone_Justice.152,2,1,0.7602325861852013,0.2256524848732055
Anthrax-Gung-Ho.042,2,1,0.759583919720978,0.2257549729225907
Robert_Palmer-Simply_Irresistible.30,2,1,0.7593678368463846,0.2261972796609402
Anthrax-SSC_Stand_Or_Fall.046,2,1,0.7588982790160321,0.2266208114503949
Banarama-Na_Na_Hey_Hey_Kiss_Him_Goodbye.080,2,1,0.7581113437648683,0.2268288027346279
Annhilator-Imperiled_Eyes.156,2,1,0.7576690970702677,0.2279079351899921
Billy_Idol-Mony_Mony.090,2,1,0.7573515083596069,0.228059849635653
Anthrax-Lone_Justice.100,2,1,0.7572026191159849,0.2273037596206439
Anthrax-The_Enemy.132,2,1,0.7565309986183409,0.231344392760342
Iron Maiden - Murders In The Rue Morgue.60,2,1,0.7563595138900749,0.2284615567563232
Avicii-Wake_Me_Up.042,2,1,0.7555585916398722,0.2296909490950003
El Gran Combo De Puerto Rico -.40,2,1,0.7547013189764779,0.230338875036274
Duran_Duran-Rio.60,2,1,0.7539031605751007,0.233224172892804
El_Gran_Combo_de_Puerto_Rico-Ojitos_negros.50,2,1,0.7537089165720938,0.2298487866563847
Billy_Idol-Rebel_Yell.176,2,1,0.7528209798548705,0.2336035623343077
Bananarama-Venus.078,2,1,0.7526723920473695,0.2333351371291941
Anthrax-Belly_Of_The_Beast.116,2,1,0.7526109957858813,0.2332015544573114
Black_Sabbath-Fairies_Wear_Boots.200,2,1,0.7520793437741584,0.2328614091048603
Anthrax-SSC_Stand_Or_Fall.162,2,1,0.7497346608785782,0.2349511472305952
Alicia-I_Love_The_Nightlife.010,2,1,0.7496228562704078,0.2352238232523523
Chuck_Mangione-Feels_So_Good.126,2,1,0.7493562717574463,0.2354137658302054
April_Wine-Roller.194,2,1,0.7484627028973013,0.2359988330559037
Anthrax-Antisocial.182,2,1,0.7484377530111789,0.2362226303021354
Anthrax-Armed_And_Dangerous.168,2,1,0.748248862661549,0.2387475599694202
LMFAO-Sexy_and_I_know_it.80,2,1,0.7482186381296553,0.236393773473788
Anthrax-Antisocial.064,2,1,0.747720197329892,0.2394702066810283
Anthrax-AIR.164,2,1,0.7448998669070515,0.2392594992782075
Alice_Cooper-No_More_Mr_Nice_Guy.068,2,1,0.7448557029807983,0.2382686648788578
Anthrax-Misery_Loves_Company.004,2,1,0.7447198101431098,0.240011654434749
Billy_Idol-Mony_Mony.062,2,1,0.7443834625688671,0.2412586827980032
Banarama-Na_Na_Hey_Hey_Kiss_Him_Goodbye.022,2,1,0.7435564202057628,0.2422126927193076
Anthrax-Finale.180,2,1,0.7431144764325541,0.2411844739368823
Avicii-Wake_Me_Up.154,2,1,0.7428122820651849,0.2443398592639175
Tony_Vega-Si_Me_Miras_A_Los_Ojos.30,2,1,0.7427781494208506,0.2444308979242987
Anthrax-Medusa.190,2,1,0.7416212800407394,0.2438009047883228
Slayer-Angel_Of_Death.60,2,1,0.7410145067477717,0.2433215366866914
Testament-Envy_Life.40,2,1,0.7405484045472057,0.2458542711423977
Mickey_Avalon-Jane_Fonda.70,2,1,0.7404586282821989,0.2455576250302018
Anthrax-The_Enemy.008,2,1,0.7400782757715098,0.2453257822990796
James_Brown-Living_in_America.60,2,1,0.7400734506657264,0.2449922924944793
Anthrax-Belly_Of_The_Beast.038,2,1,0.7399568519844708,0.2448062881867095
Afrojack-Take_Over_Control.062,2,1,0.7387985648102711,0.2458155894186886
Anthrax-Out_Of_Sight_Out_Of_Mind.084,2,1,0.7380572291525844,0.2451200234167603
Anthrax-Madhouse.086,2,1,0.7372087808027961,0.2480904185132836
Anthrax-Armed_And_Dangerous.132,2,1,0.7365382677622977,0.2473275885815661
Daft_Punk-One_More_Time_(Full_Album_Version).60,2,1,0.736126188269797,0.2481262782300513
Anthrax-Caught_In_A_Mosh.108,2,1,0.7352204985271078,0.2483837382205395
Anthrax-Madhouse.126,2,1,0.7346178235848633,0.2504972817036725
Anthrax-Antisocial.060,2,1,0.7343045864283243,0.2493558191345434
Alice_Cooper-Thrill_My_Gorilla.100,2,1,0.7334468531634587,0.2513275866769379
Anthrax-Aftershock.000,2,1,0.7333835511950083,0.2529588698517446
Bananarama-Venus.038,2,1,0.7331932364263044,0.2518530704777942
Anthrax-Lone_Justice.128,2,1,0.7325566882796098,0.2519474533519686
Gilberto_Santa_Rosa-Perdoname.30,2,1,0.7322141848427378,0.2534057739454026
El Grand Combo de Puerto Rico - Ojitos chinos.40,2,1,0.7312535652048366,0.2544206239188073
Beach_Boys-Surfing_USA.056,2,1,0.7307385193882006,0.255377821517035
Anthrax-Medusa.034,2,1,0.7305481885723877,0.2544430247963173
Alice_Cooper-Teenage_Frankenstein.158,2,1,0.729073062029631,0.2553557153073225
Banarama-Na_Na_Hey_Hey_Kiss_Him_Goodbye.048,2,1,0.7284178441032937,0.2586696592444014
Anthrax-Bring_The_Noise.196,2,1,0.7275938161332837,0.2566326238319813
Venom-At_War_With_Satan.50,2,1,0.7275285764942273,0.2559883794821839
KC_and_the_sunshine_band-Get_Down_Tonight.70,2,1,0.7271294783881072,0.2574450225848521
Afrojack-Take_Over_Control.064,2,1,0.7268998401811407,0.256063170175316
Anthrax-Antisocial.164,2,1,0.7267264666022114,0.2583051610085906
Anthrax-SSC_Stand_Or_Fall.128,2,1,0.7251742095159551,0.2591536151544453
Anthrax-Madhouse.156,2,1,0.7247671645429857,0.259651387533124
Anthrax-Antisocial.014,2,1,0.7245198322482852,0.2589393448315495
Venom-At_War_With_Satan.80,2,1,0.7234632021878005,0.2599327931213971
Michael_Jackson-Dont_Stop_Til_You_Get_Enough.70,2,1,0.7225777863554345,0.2605815129409197
Alice_Cooper-Thrill_My_Gorilla.124,2,1,0.7220599357672247,0.2610593657133967
Anthrax-Armed_And_Dangerous.170,2,1,0.7218634071504124,0.2611771477797041
South_Park-Mountain_Town.50,2,1,0.7214433991408871,0.2629226070777817
Banarama-Na_Na_Hey_Hey_Kiss_Him_Goodbye.134,2,1,0.7211167715613784,0.2619149905905346
Anthrax-Misery_Loves_Company.034,2,1,0.7206131725408648,0.2623626322380259
Anthrax-Aftershock.176,2,1,0.7202065553028094,0.2652082397268395
Antrhax-Efilnikufesin (N.F.L.).002,2,1,0.7199516062633546,0.2651027668444716
Alicia-I_Love_The_Nightlife.062,2,1,0.7186989058241571,0.2664965259204146
Avicii-Wake_Me_Up.168,2,1,0.7186707065805926,0.2656605933267798
Anthrax-Make_Me_Laugh.096,2,1,0.7182985708175121,0.2649084070475082
Stevie_Wonder-I_Wish.80,2,1,0.7179238198323977,0.2651009479260694
Anthrax-Lone_Justice.138,2,1,0.7165838544286455,0.266827048715825
Testament-Greenhouse_Effect.70,2,1,0.7163274014451755,0.2686053033962749
Chuck_Mangione-Feels_So_Good.176,2,1,0.7159140854064863,0.2685269980334205
Primus-Pudding_Time.40,2,1,0.715679468597174,0.2688892336214405
Anthrax-Belly_Of_The_Beast.124,2,1,0.7153956970674059,0.2676522420792654
AC_DC-Can_I_Sit_Next_To_You_Girl.114,2,1,0.7151701972071437,0.2679730127455183
Alice_Cooper-No_More_Mr_Nice_Guy.054,2,1,0.7149742478348543,0.2688973963930871
Blondie-Call_Me.178,2,1,0.7149385961684943,0.2675172195927318
Anthrax-Gung-Ho.102,2,1,0.7143584349315876,0.2697055193825522
Anthrax-SSC_Stand_Or_Fall.194,2,1,0.7140706841011965,0.2695125229713223
LMFAO-Sexy_and_I_know_it.40,2,1,0.713830716978811,0.2698895798771143
Antrhax-Efilnikufesin (N.F.L.).010,2,1,0.713745937201491,0.2716574437184849
Andy_Gibb-Shadow_Dancing.062,2,1,0.7132524542806773,0.271647367302836
Bill_Joel-Its_Still_Rock_And_Roll_To_Me.154,2,1,0.7129966067273823,0.2681179820550102
Kool_and_the_Gang-Celebration.40,2,1,0.7129531323437001,0.2701768257645463
Anthrax-Gung-Ho.002,2,1,0.7127925086804884,0.2711902833643439
Anthrax-In_My_World.050,2,1,0.7126341364025847,0.2689824822133077
Anthrax-SSC_Stand_Or_Fall.060,2,1,0.7113166190029544,0.2735498665323188
Avicii-Wake_Me_Up.088,2,1,0.7110972896655198,0.2731999581062092
Dirt_Nasty-Animal_Lover.30,2,1,0.7104758945631723,0.2730466925186307
Anthrax-Antisocial.156,2,1,0.7101864222621527,0.2720798613855727
Beach_Boys-I_Get_Around.086,2,1,0.7092911714018781,0.2752108475670484
Banarama-Na_Na_Hey_Hey_Kiss_Him_Goodbye.142,2,1,0.7091152225947165,0.2745470281236642
AC_DC-Highway_to_Hell.064,2,1,0.7089052966322972,0.2741927415634287
Bill_Joel-Its_Still_Rock_And_Roll_To_Me.050,2,1,0.7068759359066342,0.2776383250058485
Baauer-Harlem_Shake.118,2,1,0.7067129209535524,0.2762298261473334
Anthrax-Armed_And_Dangerous.124,2,1,0.7065150837160602,0.2776648384697405
Motley_Crue-Smokin_In_The_Boys_Room.50,2,1,0.7056017655303083,0.2779509711747483
Roy_Clark_and_Buck_Owens-Dueling_Banjos.70,2,1,0.7048392209206017,0.2789992386235284
Anthrax-Schism.082,2,1,0.7038758174590881,0.2804238600443704
Anthrax-Armed_And_Dangerous.188,2,1,0.7036969369474222,0.2803965113169314
Antrhax-Efilnikufesin (N.F.L.).112,2,1,0.7035182905322459,0.2809022136831406
Antrhax-Efilnikufesin (N.F.L.).032,2,1,0.7031762313199782,0.2817453346712596
Chuck_Mangione-Feels_So_Good.178,2,1,0.7031118692702717,0.2803938038576593
Billy_Joel-Uptown_Girl.176,2,1,0.7012972530991932,0.2812956438809192
Tony_Vega-Si_Me_Miras_A_Los_Ojos.70,2,1,0.7000027329141533,0.2862865973048691
Antrhax-Efilnikufesin (N.F.L.).158,2,1,0.6995378872165224,0.2834835209568123
Antrhax-Efilnikufesin (N.F.L.).200,2,1,0.6994781534670662,0.2834901033472918
Anthrax-Armed_And_Dangerous.138,2,1,0.6993440824657692,0.2846703635702568
Judas_Priest-Dissident_Aggressor.40,2,1,0.6992097550792117,0.2838332246358367
Chuck_Mangione-Feels_So_Good.116,2,1,0.6985291207635919,0.2870832618399867
Alice_Cooper-No_More_Mr_Nice_Guy.106,2,1,0.6977690237985641,0.2849481460510893
Anthrax-Indians.072,2,1,0.6977594765956496,0.2876482106422307
Black_Sabbath-Children_Of_The_Grave.122,2,1,0.697080014240727,0.2859475989496366
Anthrax-SSC_Stand_Or_Fall.036,2,1,0.6969434452496488,0.2869090621201398
Antrhax-Protest_And_Survive.078,2,1,0.6966826949865087,0.2903118401043758
Anthrax-SSC_Stand_Or_Fall.192,2,1,0.6964633895772984,0.2860531801417449
Anthrax-Now_Its_Dark.096,2,1,0.6961161911268985,0.286587530694411
Anthrax-Lone_Justice.110,2,1,0.6955792645443528,0.2882578428758129
Pink_Floyd-Another_Brick_In_The_Wall.40,2,1,0.6953277594771882,0.2897824048562734
Billy_Talent-Fallen_Leaves.146,2,1,0.6952173594156044,0.2881252617810766
Skrillex-Scary_Monsters_And_Nice_Sprites.40,2,1,0.6940026527437085,0.2891623919657063
Annhilator-Imperiled_Eyes.030,2,1,0.6934059170244957,0.2934261466266779
Andy_Gibb-Shadow_Dancing.082,2,1,0.6928452993356694,0.2925485589121049
Alice_Cooper-Thrill_My_Gorilla.060,2,1,0.6917640094359796,0.2908176010502546
Anthrax-Imitation_Of_Life.026,2,1,0.6907176773404929,0.2925794552381051
Billy_Idol-Mony_Mony.180,2,1,0.6903219323143429,0.2924173615532621
Chuck_Mangione-Feels_So_Good.184,2,1,0.6891522389345668,0.2930132708144361
Credence_Clearwater_Revival-Rollin_on_a_River.30,2,1,0.6883034879445938,0.2960472033147944
Dio-We_Rock.70,2,1,0.6881382071473201,0.2963899384840792
Anthrax-Madhouse.094,2,1,0.68801775178827,0.298516547532948
Anthrax-Lone_Justice.158,2,1,0.6876254610910734,0.2950968305743362
Anthrax-Who_Cares_Wins.086,2,1,0.6873351445637986,0.2934418495558286
Twisted_Sister-Were_Not_Gonna_Take_It.50,2,1,0.6872157232883979,0.2958142846663688
Cheech_and_Chong-Framed.40,2,1,0.6869624373708849,0.296347076129823
Van_Halen- Could_This_Be_Magic.50,2,1,0.6863613856456273,0.297930699159731
Anthrax-Make_Me_Laugh.150,2,1,0.6857708396471203,0.2967961947005747
Duran_Duran-Rio.70,2,1,0.6844501677782902,0.298454287527512
Slayer-Fight_Till_Death.40,2,1,0.684049026103657,0.2981112248310649
Pink_Floyd-Another_Brick_In_The_Wall.50,2,1,0.6839322723025002,0.2995199310531454
Anthrax-Lone_Justice.142,2,1,0.6834576621019196,0.2997672386147002
Van_Halen-Girl_Gone_Bad.60,2,1,0.6830859220627097,0.2990850422602461
Anthrax-Sects.004,2,1,0.6830406561404263,0.3019203555040367
Anthrax-Gridlock.072,2,1,0.6824707208373086,0.3001464935771782
Anthrax-Madhouse.100,2,1,0.6822541383007191,0.2999921333765507
Anthrax-Who_Cares_Wins.074,2,1,0.6817931113611998,0.3012927398841027
Anthrax-Make_Me_Laugh.164,2,1,0.6816069375945936,0.3020903952841395
Anthrax-Im_The_Man_91.124,2,1,0.6793119022641677,0.3027698893956647
Anthrax-Who_Cares_Wins.162,2,1,0.6790256225600246,0.3054688809317715
Anthrax-The_Enemy.200,2,1,0.6778598575564111,0.3045657988470006
Anthrax-I_Am_The_Law.082,2,1,0.6778506260491302,0.3062554802903113
Bananarama-Venus.068,2,1,0.6778372844322667,0.3059749982927167
Anthrax-Belly_Of_The_Beast_(Live).116,2,1,0.6774093550248179,0.3046189874196774
Antrhax-Efilnikufesin (N.F.L.).160,2,1,0.6771850612854787,0.3052454994493993
Antrhax-Among_The_Living.136,2,1,0.6766269852572534,0.30539605121651
Anthrax-Aftershock.006,2,1,0.6764976800701091,0.3060680949776099
AC_DC-Girls_got_rythym.190,2,1,0.67609852735728,0.3085852025705123
Banarama-Na_Na_Hey_Hey_Kiss_Him_Goodbye.170,2,1,0.6759875301590185,0.306658384471112
Beastie_Boys-Girls.098,2,1,0.6758054134604224,0.3094657327975308
Anthrax-Lone_Justice.094,2,1,0.6757721742540296,0.309374209374609
Billy_Idol-Mony_Mony.164,2,1,0.6729077377365973,0.3110958705757506
Anthrax-Indians.024,2,1,0.6717235905344973,0.3111033814748317
Anthrax-Lone_Justice.058,2,1,0.6713227854248353,0.3121403767922636
El Gran Combo De Puerto Rico - Vagabundo2.60,2,1,0.6696138566549038,0.3122383765596649
Autograph-Turn_Up_The_Radio.184,2,1,0.6693651730917719,0.3127284114973293
Trooper-Were_Here_For_A_Good_Time_(Not_A_Long_Time).40,2,1,0.6685764781538667,0.3144329380541112
Alice_Cooper-No_More_Mr_Nice_Guy.048,2,1,0.6683182088851449,0.3159598676090425
Anthrax-Im_The_Man_91.188,2,1,0.667561258840084,0.3140987065354759
Anthrax-Armed_And_Dangerous.154,2,1,0.6672870672826045,0.3161157442734595
Van_Halen- Dirty_Movies.70,2,1,0.6638467707927501,0.3204573254643385
Goody_Two_Shoes-Adam_Ant.70,2,1,0.6636762283641267,0.318250759548963
Blondie-Call_Me.052,2,1,0.6635461240677635,0.3200703365471716
Anthrax-Aftershock.096,2,1,0.6630620309670734,0.3188845032444622
Anthrax-Pipeline.006,2,1,0.6630284189837219,0.3180414134614027
Trooper-Boys_in_the_Bright_White_Sports_Car.40,2,1,0.6620473503952645,0.3199190244175982
Van_Halen- Dirty_Movies.80,2,1,0.6611453392347452,0.3217206877833025
Rob_Zombie-Thunder_Kiss_65.50,2,1,0.6607364612928581,0.3219817502604619
Sister_Sledge-We_Are_Family.80,2,1,0.660566375132507,0.3239161915603067
AC_DC-Girls_got_rythym.100,2,1,0.6595892455279387,0.3234163309825636
Alice_Cooper-Thrill_My_Gorilla.038,2,1,0.6592814149824854,0.3210611120257182
April_Wine-Roller.114,2,1,0.6592020426748827,0.3238591544458853
Twisted_Sister-Were_Not_Gonna_Take_It.60,2,1,0.65912540412236,0.3221795131867123
Black_Sabbath-Children_Of_The_Grave.114,2,1,0.6573147428679895,0.3240225795185651
Bob_Seger-Old_Time_Rock_and_Roll.70,2,1,0.6569882731644109,0.3259457525301332
Anthrax-Make_Me_Laugh.116,2,1,0.6563632790845547,0.3258474912027159
Anthrax-Armed_And_Dangerous.144,2,1,0.6556961432827944,0.3273950522152987
Anthrax-Make_Me_Laugh.184,2,1,0.655207014968608,0.3288699975466833
Anthrax-I_Am_The_Law.004,2,1,0.6549072224527049,0.3278599452114859
Beastie_Boys-Girls.106,2,1,0.6548220239165964,0.3274925753690957
Anthrax-Out_Of_Sight_Out_Of_Mind.116,2,1,0.6545404969191178,0.3270427304468896
Afrojack-Take_Over_Control.076,2,1,0.6532740487326075,0.3323608088766439
Robert_Palmer-Simply_Irresistible.40,2,1,0.6526960209005602,0.3286320946440295
Dead_Kennedys-Religious_Vomit.60,2,1,0.6523536268360637,0.3289504638431067
Annhilator-Imperiled_Eyes.194,2,1,0.6523202196926549,0.3301123230695545
Anthrax-The_Enemy.150,2,1,0.6494540219833834,0.335343357046203
Bobby_Bloom-Montego_Bay.60,2,1,0.6493567913169893,0.33148310020559
Anthrax-The_Enemy.170,2,1,0.6483050494856905,0.3334021953650196
Anthrax-Antisocial.094,2,1,0.6482863903585486,0.3323215523766631
Winger-Seventeen.40,2,1,0.6477945862829866,0.3309628719051264
Motley_Crue-Helter_Skelter.40,2,1,0.6473088974796537,0.33344233399992
Anthrax-Gridlock.000,2,1,0.6471993868029522,0.3351926115502841
Rob_Zombie-Knuckle_Duster.50,2,1,0.646140446239244,0.3357926283421938
James_Brown-Living_in_America.50,2,1,0.6457768652813011,0.3384327531375102
Antrhax-Efilnikufesin (N.F.L.).188,2,1,0.6456769618830039,0.3356782001490726
The_Piano_Guys-Somewhere_Over_the_Rainbow.020,2,1,0.6454820493225915,0.3379401398827028
Antrhax-Efilnikufesin (N.F.L.).070,2,1,0.6448696780371836,0.3368998825217079
Anthrax-Aftershock.056,2,1,0.6429775449110837,0.3417901832438398
The_Game-Wouldnt_Get_Far.70,2,1,0.6425327717438114,0.33842164129455
Annhilator-Imperiled_Eyes.082,2,1,0.642249913184467,0.339851710477087
Beastie_Boys-Girls.052,2,1,0.6421895608253259,0.3397542500800928
AC_DC-You_shook_me_all_night_long.188,2,1,0.6420183790735297,0.3381843247647426
Metallica-Helpless.50,2,1,0.6416160757324386,0.3392648458207984
Black_Sabbath-Children_Of_The_Grave.006,2,1,0.6415090857683563,0.3396254930301424
Anthrax-Now_Its_Dark.014,2,1,0.6402898463987117,0.3425980405730897
Anthrax-Parasite.190,2,1,0.6397832968901576,0.3410372599785325
Anthrax-Schism.092,2,1,0.6390813342598745,0.3400470624219221
Anthrax-Misery_Loves_Company.154,2,1,0.6386761529773355,0.3435079125947222
Slayer-Criminally_Insane.50,2,1,0.6379126553721205,0.3434383386246737
Anthrax-Antisocial.018,2,1,0.637480604023588,0.3443690328837772
Billy_Idol-Rebel_Yell.166,2,1,0.6374708147116076,0.3432065983651695
Anthrax-Caught_In_A_Mosh.200,2,1,0.6368934065572477,0.3459848212125696
Anthrax-Out_Of_Sight_Out_Of_Mind.104,2,1,0.6364529534209313,0.3459026279476347
El_Gran_Combo_de_Puerto_Rico-Carbonerito.50,2,1,0.6357933386348449,0.3450448473126426
Venom-Countess_Bathory.70,2,1,0.6357797164916852,0.3450893391933072
Bananarama-Venus.172,2,1,0.6350639534698564,0.3469539381653096
Anthrax-Gridlock.174,2,1,0.6345262342475882,0.3488588957238498
Nicki_Minaj-Starships.60,2,1,0.6341141018207443,0.3469733591852805
Triumph -Follow_your_heart.40,2,1,0.6336252558539996,0.3485724147924432
Alice_Cooper-Thrill_My_Gorilla.016,2,1,0.6330453572315954,0.3480176686914674
Baauer-Harlem_Shake.168,2,1,0.631830770231124,0.3488321912957177
The Devil Went Down To Georgia.50,2,1,0.6316027112553356,0.353150950166584
Billy_Idol-Mony_Mony.012,2,1,0.6315299389544218,0.3529882726500239
Anthrax-Caught_In_A_Mosh.082,2,1,0.6314543837945102,0.3496945138419383
Seals_and_Crofts-Summer_Breeze.80,2,1,0.6314199119215851,0.3504226391331272
Black_Sabbath-Children_Of_The_Grave.116,2,1,0.6312898140759203,0.3511654776928529
Beastie_Boys-Girls.014,2,1,0.6299436229944512,0.3507655428759783
Pattie_Labelle-New_Attitude.70,2,1,0.6298018775061396,0.354897465667194
Billy_Talent-Fallen_Leaves.144,2,1,0.6296609914142582,0.3520614917679161
Beach_Boys-Surfing_USA.062,2,1,0.6289187115347438,0.3504770559076676
Anthrax-Caught_In_A_Mosh.024,2,1,0.6280017146717413,0.3529501728958176
Bobby_Bloom-Montego_Bay.80,2,1,0.6274676443336823,0.3532857031414421
Testament-Sins_of_Omission.80,2,1,0.6270303895317311,0.3548841443932638
Billy_Joel-Uptown_Girl.096,2,1,0.6265816438574299,0.355898298552304
Billy_Idol-Mony_Mony.060,2,1,0.6265807513861905,0.3542479191961295
Antrhax-Protest_And_Survive.094,2,1,0.6256427560843952,0.3571416573118957
Van_Halen-Hot_For_Teacher.30,2,1,0.6244771326554915,0.3578286536286792
Billy_Idol-Mony_Mony.132,2,1,0.6239206519208096,0.3561397394624316
Anthrax-Antisocial.040,2,1,0.6238250158991737,0.3562916587552529
Billy_Joel-Uptown_Girl.138,2,1,0.6233826919876239,0.3574032316597329
Seals_and_Crofts-Summer_Breeze.60,2,1,0.623329890467873,0.3588593096695722
Nicki_Minaj-Super_Bass.80,2,1,0.6232468176824326,0.3593140439297005
Afrojack-Take_Over_Control.166,2,1,0.622269533454281,0.3580222941124703
Afrojack-Take_Over_Control.022,2,1,0.622087640525083,0.3594007894826197
April_Wine-Enough_is_Enough.074,2,1,0.621871123615326,0.3585341387005647
Tool-Vicarious.40,2,1,0.6209341199086951,0.3593104099303999
Anthrax-Discharge.168,2,1,0.619026440186746,0.3621472980289713
Anthrax-Belly_Of_The_Beast.060,2,1,0.6189969794172647,0.3611542352299069
South_Park-Fingerbang.40,2,1,0.6177312744953022,0.3625803725050835
Avicii-Wake_Me_Up.048,2,1,0.6177089242164059,0.3630736420922202
Anthrax-I_Am_The_Law.126,2,1,0.6175655371818366,0.3659479187694288
Tool-The_Grudge.40,2,1,0.6171669347996811,0.3647904133889975
Anthrax-Misery_Loves_Company.074,2,1,0.6169814787046678,0.364486046386884
Bill_Joel-Its_Still_Rock_And_Roll_To_Me.010,2,1,0.6165042453748296,0.363909130616491
Anthrax-Out_Of_Sight_Out_Of_Mind.008,2,1,0.6162472303472029,0.3642087645744245
Anthrax-Who_Cares_Wins.048,2,1,0.6154377270115582,0.3667015437908636
Anthrax-The_Enemy.052,2,1,0.6151339211863792,0.3663180999497618
Anthrax-Lone_Justice.150,2,1,0.6150136506943028,0.3671462383426402
Bananarama-Venus.164,2,1,0.6149141902011804,0.3671962955970108
Anthrax-Be_All_End_All.100,2,1,0.614813970087575,0.3672255248476944
Blondie-Call_Me.038,2,1,0.6147874468094947,0.3642523518573834
Pantera-Domination.60,2,1,0.6144650286631722,0.3666729281057868
Billy_Idol-Mony_Mony.046,2,1,0.6142433162708857,0.3671425251950638
The Devil Went Down To Georgia.60,2,1,0.6142296372847668,0.3646687455767343
Anthrax-Make_Me_Laugh.078,2,1,0.6141430922698918,0.3682775668657727
Anthrax-Out_Of_Sight_Out_Of_Mind.032,2,1,0.6139474203462548,0.3664805831035294
Venom-Witching_Hour.30,2,1,0.6133198743300755,0.3655654013873726
Red_Hot_Chilli_Peppers-Give_it_Away.40,2,1,0.6130813089373142,0.3700120679668685
Beach_Boys-Surfing_USA.028,2,1,0.612992227155869,0.3680757400816145
Black_Sabbath-Children_Of_The_Grave.018,2,1,0.6126291403282251,0.3677188538346135
Madonna-Holiday.80,2,1,0.6125966761260118,0.370483956459667
El_Gran_Combo_de_Puerto_Rico-Se_Me_Fue.30,2,1,0.6123390566267477,0.3685094018890216
Anthrax-Armed_And_Dangerous.156,2,1,0.6111858230357881,0.3692340049942179
Death-Crystal_Mountain.50,2,1,0.6110875537980465,0.3693047931450585
Anthrax-Aftershock.048,2,1,0.610543382529285,0.3706739371693378
Anthrax-Make_Me_Laugh.080,2,1,0.6100446222657118,0.3685216784754378
Anthrax-Lone_Justice.154,2,1,0.6096517174880176,0.3715044185659478
Black_Sabbath-Children_Of_The_Grave.004,2,1,0.6087410319635286,0.3728888996868924
Alice_Cooper-Thrill_My_Gorilla.014,2,1,0.6077250656153607,0.3722595792997127
Van_Halen-Top_Jimmy.60,2,1,0.607546412500851,0.3732360845844617
Anthrax-SSC_Stand_Or_Fall.136,2,1,0.6070224276535493,0.3731044805140833
Beastie_Boys-Girls.054,2,1,0.6064599781432168,0.3740152593242124
Anthrax-SSC_Stand_Or_Fall.106,2,1,0.6060060308186593,0.3748242464466238
Chuck_Mangione-Feels_So_Good.166,2,1,0.6051672244670122,0.3764760005417057
Billy_Joel-Uptown_Girl.010,2,1,0.6047668822450067,0.3754795025246525
Antrhax-Efilnikufesin (N.F.L.).024,2,1,0.604689616304734,0.3761499240996997
Alice_Cooper-Thrill_My_Gorilla.044,2,1,0.6044412460488,0.375157782140555
Billy_Idol-Rebel_Yell.158,2,1,0.603667337621481,0.3757057116366197
Anthrax-Aftershock.042,2,1,0.6035722922789974,0.377583924989797
Antrhax-ADI_Horror_Of_It_All.102,2,1,0.603364770529194,0.3782907455402896
Anthrax-The_Enemy.066,2,1,0.6033233435072285,0.3766482499911282
Anthrax-Lone_Justice.106,2,1,0.6033177399754555,0.3774338378597896
Black_Sabbath-Fairies_Wear_Boots.046,2,1,0.6030063447130296,0.3773156196042328
Beach_Boys-Surfing_USA.032,2,1,0.6026679769490243,0.3790558113881624
Rick_James-Super_Freak.70,2,1,0.6020849816749267,0.3784016542166283
Anthrax-Indians.056,2,1,0.6015911692414188,0.3807479510806575
Slipknot-Before_I_Forget.50,2,1,0.6010623499262961,0.3794936373113932
Anthrax-Madhouse.114,2,1,0.6007847805058505,0.3804674539288578
Ministry-Burning_Inside.40,2,1,0.6005831942037265,0.3813919996109321
Anthrax-Discharge.162,2,1,0.6002182523660531,0.3803817870253126
Anthrax-Who_Cares_Wins.070,2,1,0.6001739454936289,0.3798000604574059
Billy_Idol-Mony_Mony.116,2,1,0.5988419076564369,0.382161745575712
Stevie_Wonder-I_Wish.50,2,1,0.5984279334938326,0.3818163858277885
Dead_Kennedys-I_Fought_The_Law.60,2,1,0.59841171208912,0.3829762665533357
Anthrax-Imitation_Of_Life.144,2,1,0.5981561144374409,0.3833781048441834
Anthrax-AIR.074,2,1,0.5962857262626368,0.387984494799042
Billy_Idol-Mony_Mony.042,2,1,0.5962202965831499,0.3839824075529959
Taio_Cruz-Dynamite.70,2,1,0.5957323804635286,0.384443763532024
Helix-Rock_You.40,2,1,0.5957280437222976,0.3842389877311267
Anthrax-Im_The_Man_91.086,2,1,0.5954916894604729,0.3842892837207134
Ministry-Stigmata.50,2,1,0.5953491602921824,0.3847949514257723
Ozzy_Osbourne-Bark_At_The_Moon.80,2,1,0.5950301089467055,0.3853086935793812
Ludacris-Nasty_Girl_(Dirty).80,2,1,0.594936285262308,0.3860817711013506
Anthrax-Aftershock.150,2,1,0.5935967395950711,0.3871755106717624
Anthrax-Indians.046,2,1,0.5933520016141203,0.3851405240056735
KC_and_the_sunshine_band-Shake_Your_Booty.80,2,1,0.5932355428746322,0.3876942000198343
Antrhax-Among_The_Living.090,2,1,0.5928930227536537,0.387994023824364
Death_Angel-Bored.40,2,1,0.5927490777482353,0.3900318957779542
Banarama-Na_Na_Hey_Hey_Kiss_Him_Goodbye.126,2,1,0.5924207418464016,0.3886633562071944
Anthrax-Lone_Justice.146,2,1,0.5921682094564479,0.3921557343328497
Spanish_Harlem_Orchestra-Llego_la_Banda.60,2,1,0.5917862025694394,0.3904653938444381
Anthrax-Gung-Ho.104,2,1,0.5917245950991966,0.3898603912529575
Alice_Cooper-Thrill_My_Gorilla.010,2,1,0.5911873371577284,0.3881107698635467
Billy_Idol-Mony_Mony.148,2,1,0.5911281325270835,0.388938894502777
Anthrax-Got_The_Time.026,2,1,0.59103691453799,0.3896683021697052
Antrhax-Efilnikufesin (N.F.L.).180,2,1,0.5900972415423764,0.3905185401822192
Bill_Joel-Its_Still_Rock_And_Roll_To_Me.066,2,1,0.589289508257915,0.3927589080596816
Anthrax-SSC_Stand_Or_Fall.118,2,1,0.5892644799741045,0.3920730810747545
Red_Hot_Chilli_Peppers-Higher_Ground.70,2,1,0.588885179774176,0.3921935266620253
Anthrax-Gridlock.162,2,1,0.5887330818555403,0.3922103523667159
Blondie-One_Way_Or_Another.140,2,1,0.5885485059514007,0.3925618136603315
Rage_Against_The_Machine-Killing_In_The_Name.80,2,1,0.5885103297102391,0.3915137918213225
Anthrax-Parasite.120,2,1,0.5884886084611602,0.3924973943895614
Anthrax-Gung-Ho.020,2,1,0.5871836344980746,0.3927231044218505
Anthrax-Imitation_Of_Life.154,2,1,0.5865205585171706,0.3937375168005758
Anthrax-Out_Of_Sight_Out_Of_Mind.106,2,1,0.5864617166180113,0.3934159482116907
The_Offpring-Self_Esteem.70,2,1,0.5859755653828865,0.39269871449334
Annhilator-Imperiled_Eyes.008,2,1,0.5859310997225166,0.3948271760653789
Ozzy_Osbourne-I_Dont_Know.40,2,1,0.5852936337131115,0.3946302133716059
Alice_Cooper-Thrill_My_Gorilla.072,2,1,0.5852191072568382,0.395520861517931
Anthrax-Indians.098,2,1,0.5844776823448611,0.3986470806844845
Alice_Cooper-Thrill_My_Gorilla.020,2,1,0.5836358801645234,0.3962347593349226
Nikki_Minaj-Right_Thru_Me.70,2,1,0.5831895108072308,0.3979797792999279
AC_DC-You_shook_me_all_night_long.028,2,1,0.5823071149675711,0.3990946724484738
Anthrax-One_Man_Stands.196,2,1,0.5817010284339545,0.4014803132487285
Twisted_Sister-SMF.60,2,1,0.5813639865380722,0.4022169688641235
Anthrax-Finale.086,2,1,0.5808766968034843,0.3997921881818167
Afrojack-Take_Over_Control.078,2,1,0.5802953866256334,0.4017015825803407
Anthrax-Out_Of_Sight_Out_Of_Mind.088,2,1,0.5797520894101474,0.400658821192763
Anthrax-The_Enemy.074,2,1,0.5795790190973895,0.4006118788601606
April_Wine-Enough_is_Enough.058,2,1,0.5795064572394308,0.3991177299918389
WASP-Love_Machine.80,2,1,0.579264151764099,0.4013000750815807
Blondie-One_Way_Or_Another.092,2,1,0.5787554263146135,0.4038237406279199
INXS_Devil_Inside.50,2,1,0.5783131118363382,0.4013339246221531
Anthrax-Medusa.080,2,1,0.5782413900754663,0.401225788145265
Anthrax-Finale.146,2,1,0.578027374945648,0.4004518832591213
Twisted_Sister-SMF.40,2,1,0.5779343195571538,0.402060774791446
Anthrax-Lone_Justice.172,2,1,0.5774147114262226,0.404076265264232
El_Gran_Combo_de_Puerto_Rico-Un_verano_en_Nueva_York.40,2,1,0.5772191170064404,0.4032963762741512
Tony_Vega-Hoy.30,2,1,0.5765327107796763,0.4034046184343689
Antrhax-ADI_Horror_Of_It_All.182,2,1,0.5761770547505031,0.4039257820967976
April_Wine-Roller.012,2,1,0.5753222272416579,0.405180844410771
Tool-Vicarious.50,2,1,0.5751299455380325,0.4044913052581841
Anthrax-Finale.198,2,1,0.5749123830807994,0.4045710258627183
KC_and_the_sunshine_band-Shake_Your_Booty.50,2,1,0.5742632738952885,0.4087881146001565
Anthrax-Out_Of_Sight_Out_Of_Mind.170,2,1,0.5736174535017377,0.4084593693260304
Dead_Kennedys-Buzzbomb_From_Pasadena.80,2,1,0.5730240716783281,0.4065493300045207
Anthrax-Indians.198,2,1,0.5714248980948605,0.4101844754596511
Anthrax-Antisocial.128,2,1,0.5711806411700585,0.413306108444041
Eminem_ft_Rihanna-Love_the_Way_You_Lie.30,2,1,0.5709051494668351,0.4106163269238147
Anthrax-Be_All_End_All.110,2,1,0.5708397579311254,0.4082772593515721
Blondie-Call_Me.172,2,1,0.5705220386180243,0.4089098718423709
Anthrax-Misery_Loves_Company.164,2,1,0.5697845858930126,0.4120202548604215
El_Gran_Combo_de_Puerto_Rico-Carbonerito.70,2,1,0.5697516976417083,0.4095525974592142
Dank_Angel-Merciless_Death.50,2,1,0.5694960907894514,0.4120882537081336
Alice_Cooper-Thrill_My_Gorilla.070,2,1,0.5692389371582688,0.4110275384985551
Anthrax-Who_Cares_Wins.022,2,1,0.5688438793745358,0.4118608469045512
Scorpions-Cant_Live_Without_You.80,2,1,0.5685602168734609,0.4144074067176099
Anthrax-Imitation_Of_Life.126,2,1,0.5683986788327968,0.4130674651743904
Anthrax-Now_Its_Dark.016,2,1,0.5681225719165923,0.4157862066994464
Anthrax-Indians.114,2,1,0.5676062685559066,0.4131526908358484
April_Wine-Enough_is_Enough.176,2,1,0.5672617402721714,0.412148989845019
Banarama-Na_Na_Hey_Hey_Kiss_Him_Goodbye.184,2,1,0.5670670637847252,0.412877528607734
Anthrax-Imitation_Of_Life.050,2,1,0.5665925159897783,0.4142114936637022
Banarama-Na_Na_Hey_Hey_Kiss_Him_Goodbye.172,2,1,0.5652264447130599,0.4135792990001795
Anthrax-Bring_The_Noise.066,2,1,0.5648833922630373,0.4144771907981822
Anthrax-Make_Me_Laugh.122,2,1,0.5648653757092154,0.4167366786133002
Banarama-Na_Na_Hey_Hey_Kiss_Him_Goodbye.138,2,1,0.5642511642792315,0.4154677277596097
Triumph -Follow_your_heart.70,2,1,0.5640582271384156,0.4162147425686845
Banarama-Na_Na_Hey_Hey_Kiss_Him_Goodbye.118,2,1,0.5639840038848631,0.4155993305605252
South_Park-Butters_What_what_in_the_butt.40,2,1,0.5638138787610165,0.4166016091132726
AC_DC-Girls_got_rythym.094,2,1,0.5636873819121568,0.4162017308732923
April_Wine-Enough_is_Enough.080,2,1,0.5634969582559829,0.4178596892280405
Annhilator-Imperiled_Eyes.104,2,1,0.5619088869057246,0.4221638143455605
Anthrax-Gung-Ho.052,2,1,0.5617820464143126,0.4175786251672305
Blondie-The_Tide_Is_High.80,2,1,0.5615156181964776,0.420129990514449
Anthrax-Make_Me_Laugh.194,2,1,0.5603620784155507,0.4195559852027145
Anthrax-One_Man_Stands.090,2,1,0.5603129203230798,0.4230698575679726
Sepultura-Troops_Of_Doom_II.70,2,1,0.5598407649694581,0.418465176631948
Antrhax-Protest_And_Survive.032,2,1,0.5593334402888424,0.4190980344136552
2_unlimited-No_Limit.70,2,1,0.558946607916536,0.4204087802316965
Antrhax-Among_The_Living.036,2,1,0.5586908460992212,0.4211860196089584
The_Piano_Guys-Somewhere_Over_the_Rainbow.028,2,1,0.557971366747575,0.4219677029739939
April_Wine-Roller.134,2,1,0.5576304629202075,0.421769025817994
Van_Halen-Girl_Gone_Bad.50,2,1,0.5566844226511806,0.4256302866453174
Beach_Boys-Barbara_Ann.074,2,1,0.5561187142879066,0.4264979240784726
Antrhax-ADI_Horror_Of_It_All.156,2,1,0.5559508702700253,0.4229783815750954
Blondie-Call_Me.048,2,1,0.555682786956136,0.4241367035726608
Anthrax-Be_All_End_All.168,2,1,0.5546875191085406,0.424977784947033
South_Park-Kyles_Moms_a_Bitch.50,2,1,0.5536088208667067,0.4285424998795264
Anthrax-Be_All_End_All.064,2,1,0.5532463321566393,0.4247882184242268
Testament-Time_Is_Coming.30,2,1,0.5531852173335683,0.4271247302594034
Gilberto_Santa_Rosa-Perdoname.70,2,1,0.5530082342369398,0.4322181403875545
Alice_Cooper-Thrill_My_Gorilla.006,2,1,0.5528579773328179,0.4273603137429773
Black_Sabbath-Children_Of_The_Grave.048,2,1,0.5528496449155785,0.4281014003772653
Black_Sabbath-Children_Of_The_Grave.050,2,1,0.5526313851527146,0.4268265596483008
Anthrax-Who_Cares_Wins.050,2,1,0.5525643799553535,0.4292750840269198
Annhilator-Imperiled_Eyes.074,2,1,0.5519516443915713,0.4291418575037771
Anthrax-Be_All_End_All.022,2,1,0.5517921759811981,0.4262052684102438
Banarama-Na_Na_Hey_Hey_Kiss_Him_Goodbye.054,2,1,0.55173625510167,0.4290947133879967
Roy_Clark_and_Buck_Owens-Dueling_Banjos.80,2,1,0.5511467651732491,0.4266635200287663
Beastie_Boys-Girls.058,2,1,0.5507577017678544,0.4296776974525553
Lady_Gaga-Poker_Face.40,2,1,0.5503313003053828,0.4289226773785031
Anthrax-Now_Its_Dark.186,2,1,0.55023886915805,0.4290793929610053
Anthrax-Discharge.174,2,1,0.5495172219551183,0.4297132449862268
Avicii-Wake_Me_Up.152,2,1,0.5483150393327014,0.433009661224129
Anthrax-Gung-Ho.046,2,1,0.5479287501460914,0.43232818633996
Anthrax-Aftershock.084,2,1,0.5462621843542951,0.4354492337223824
Anthrax-Got_The_Time.108,2,1,0.5449612959168368,0.439199631880938
The_Temptations-Papa_was_a_Rollin_Stone.50,2,1,0.543761536822678,0.4352967206181593
April_Wine-Roller.172,2,1,0.5437516181928158,0.4354570613755248
Tool-Stink_Fist.30,2,1,0.5427767236041576,0.438552454262632
Dead_Kennedys-California_Uber_Alles2.40,2,1,0.5419609548174679,0.4371534237091438
Anthrax-Be_All_End_All.186,2,1,0.5418918528692501,0.4371398382283552
Megadeth-Set_The_World_Afire_(Paul_Lani_Mix).60,2,1,0.5418416612784952,0.4384630596775504
The_Bellamy_Brothers-Let_Your_Love_Flow.50,2,1,0.5410805960018851,0.4397955901201662
Anthrax-The_Enemy.062,2,1,0.5410779268862539,0.4384683088789785
Anthrax-SSC_Stand_Or_Fall.108,2,1,0.5407450962880225,0.4395828487429447
Tony_Vega-Dejame_SonÌƒar.40,2,1,0.5398966120498923,0.4388094316614004
Dead_Kennedys-Drug_Me.80,2,1,0.5394555819638184,0.4394235785078674
Anthrax-Madhouse.068,2,1,0.5389496670035746,0.4436415242263976
Anthrax-Antisocial.090,2,1,0.5386229219519896,0.4387958827068517
Anthrax-Gung-Ho.182,2,1,0.5386078599741819,0.4401187886659972
INXS_Devil_Inside.30,2,1,0.5378358294654447,0.4446632291393043
Billy_Joel-Uptown_Girl.106,2,1,0.5377991826529396,0.4462142087456755
Anthrax-The_Enemy.082,2,1,0.5373785490426746,0.4424920088075513
Anthrax-Schism.004,2,1,0.5373274632886177,0.4412570364832863
Anthrax-Gung-Ho.132,2,1,0.5373067659642862,0.4429434014442918
Black_Sabbath-Fairies_Wear_Boots.198,2,1,0.5372388628072138,0.4453440067243719
Steppenwolf-Born_to_Be_Wild.80,2,1,0.536298923939663,0.4456964114947061
Stevie_Wonder-Sir_Duke.80,2,1,0.5359778780373459,0.4450338899097265
J_Giles_Band-Freeze_Frame.60,2,1,0.5356754698758688,0.447224668829614
Anthrax-Make_Me_Laugh.084,2,1,0.5354450784281339,0.4443906030624195
Billy_Idol-Mony_Mony.074,2,1,0.5352331591416157,0.4494149141353872
John_Paul_Young-Love_Is_In_The_Air.60,2,1,0.5351775886557295,0.4441848823099662
Anthrax-SSC_Stand_Or_Fall.164,2,1,0.5346857758954784,0.446235927941098
Anthrax-Now_Its_Dark.194,2,1,0.5343082912408815,0.4454926704439802
Billy_Idol-Mony_Mony.040,2,1,0.534035697774808,0.4466520411136721
Chuck_Mangione-Feels_So_Good.162,2,1,0.5337408611102713,0.4448423495108042
Anthrax-Now_Its_Dark.044,2,1,0.5335301133115197,0.4461453614171629
Anthrax-Misery_Loves_Company.148,2,1,0.5334993275464627,0.4488747251840041
Anthrax-Make_Me_Laugh.144,2,1,0.5333143712543332,0.4450248794025823
Anthrax-Indians.156,2,1,0.5329416317546837,0.4495386985042729
Anthrax-Imitation_Of_Life.082,2,1,0.5329214063970916,0.4506154693737189
Black_Sabbath-Neon_Knights.052,2,1,0.5328706168337577,0.4474309542799496
Venom-Countess_Bathory.60,2,1,0.5324593970175007,0.4479490188182966
Death_Angel-Discontinued.40,2,1,0.5323819490876059,0.4473585995328423
Rod_Stewart-If_You_Want_My_Body.60,2,1,0.5323649187437861,0.4474819463639556
Motley_Crue-Shout_At_The_Devil.30,2,1,0.5322959115267785,0.4475189257170092
Metallica-So_What.40,2,1,0.5321242774336964,0.4454019352539216
Motley_Crue-Kickstart_my_heart.70,2,1,0.531895209375027,0.4486267403982513
Anthrax-Medusa.016,2,1,0.5315075917865134,0.4512388864982306
Billy_Idol-Mony_Mony.092,2,1,0.5313205541520049,0.4466383332895688
Anthrax-Medusa.154,2,1,0.5312780076300153,0.4486026146746973
Anthrax-SSC_Stand_Or_Fall.188,2,1,0.5307253684540061,0.4485385781023427
Anthrax-Lone_Justice.038,2,1,0.5301842609962553,0.4479562025657529
April_Wine-Roller.108,2,1,0.5299473899767475,0.4498482217350394
Billy_Idol-Rebel_Yell.040,2,1,0.52893846836444,0.449745137291569
Nazareth-Turn_On_Your_Receiver.70,2,1,0.528054696815642,0.4506788596766698
Beach_Boys-Barbara_Ann.132,2,1,0.5278034166649863,0.4545031709525138
Anthrax-In_My_World.020,2,1,0.5268359372074626,0.4519904679986441
AC_DC-Highway_to_Hell.192,2,1,0.5267107600935736,0.4538690130376356
Billy_Talent-The_Ex.014,2,1,0.5266673897547012,0.4540119080374698
Anthrax-Misery_Loves_Company.124,2,1,0.5263176655967482,0.4541878060689104
Anthrax-Bring_The_Noise.028,2,1,0.5263099811502434,0.4575758187626697
Anthrax-Madhouse.162,2,1,0.526160020528973,0.4521584022321128
Anthrax-Medusa.046,2,1,0.5259633524670728,0.4555636081644687
Anthrax-Lone_Justice.186,2,1,0.5257470576669355,0.4522181887514047
Anthrax-I_Am_The_Law.028,2,1,0.5254864518674265,0.4538104213961154
AC_DC-Highway_to_Hell.028,2,1,0.524959306284221,0.4574102837768977
Anthrax-Be_All_End_All.138,2,1,0.5243866541849119,0.4561752642220631
Anthrax-Belly_Of_The_Beast.114,2,1,0.5241372537687223,0.455194600963243
Anthrax-Imitation_Of_Life.200,2,1,0.5240420209576668,0.4557802244691022
Anthrax-Make_Me_Laugh.098,2,1,0.5236075490284878,0.4583347535467489
Alice_Cooper-Teenage_Frankenstein.056,2,1,0.5235439954374231,0.4594987734018908
Beach_Boys-Barbara_Ann.032,2,1,0.5235357087983887,0.4585008126396002
Anthrax-Imitation_Of_Life.022,2,1,0.5233814693922079,0.4554936050166967
Anthrax-Imitation_Of_Life.150,2,1,0.5229002217151747,0.4563997333165549
Metallica-Trapped_Under_Ice.60,2,1,0.5227098354965913,0.4549820514031838
April_Wine-Enough_is_Enough.144,2,1,0.5226456936115439,0.4574324041706443
Steppenwolf-Born_to_Be_Wild.30,2,1,0.5217878970692529,0.4604889434470142
Alice_Cooper-Thrill_My_Gorilla.122,2,1,0.521642684708899,0.4580694163499047
Black_Sabbath-Fairies_Wear_Boots.014,2,1,0.5211261452280259,0.4581779918945321
Anthrax-SSC_Stand_Or_Fall.048,2,1,0.5210223423085641,0.458349219794026
April_Wine-Roller.126,2,1,0.5209071750425881,0.4582159865786524
Anthrax-Gung-Ho.036,2,1,0.5206813744332949,0.4579154097320257
Anthrax-Now_Its_Dark.174,2,1,0.5204665774602157,0.4589441182663901
Anthrax-Antisocial.112,2,1,0.518859499732136,0.4603461275171731
Black_Sabbath-Fairies_Wear_Boots.192,2,1,0.5176194868183885,0.4613019234857521
Billy_Idol-Rebel_Yell.114,2,1,0.5174768614765429,0.4616561716178925
AC_DC-Girls_got_rythym.132,2,1,0.5172962393102847,0.4646926325012556
Steve_Miller_Band-Jungle_Love.60,2,1,0.5163529932596681,0.4661331744460107
Dead_Kennedys-California_Uber_Alles.50,2,1,0.5156333127223142,0.4676828781918853
Tony_Vega-Yo_Me_Quedo.30,2,1,0.5152938469799336,0.4658123948344365
Black_Sabbath-Children_Of_The_Grave.024,2,1,0.515244886431151,0.4661538246333181
Duran_Duran-Hungry_Like_The_Wolf.50,2,1,0.5148342117367294,0.4665785812894782
Megadeth-Set_The_World_Afire.60,2,1,0.5143783814163972,0.4696527203234984
Anthrax-Who_Cares_Wins.144,2,1,0.513933736779988,0.4655850732620564
Anthrax-Armed_And_Dangerous.134,2,1,0.513668680124964,0.4656643512238215
Antrhax-Protest_And_Survive.090,2,1,0.5134654105923622,0.4670602988137413
Anthrax-Aftershock.058,2,1,0.5132985892341201,0.4677849681874729
Anthrax-Gridlock.176,2,1,0.5131844562698034,0.464973095031432
Metallica-The_Frayed_Ends_Of_Sanity.30,2,1,0.5130559404535339,0.4670852831735915
Anthrax-The_Enemy.124,2,1,0.5130132682748154,0.4656231837091204
Antrhax-Protest_And_Survive.058,2,1,0.5127329116290367,0.4665720985846843
Anthrax-Lone_Justice.132,2,1,0.5125179516649253,0.4680876457985003
Anthrax-Medusa.182,2,1,0.5108055213122623,0.4703957919797485
Billy_Idol-Rebel_Yell.148,2,1,0.5104181743086111,0.4707820670334821
Antrhax-Among_The_Living.082,2,1,0.5103710161553501,0.4682242803791009
Men_Without_Hats-The_Safety_Dance.008,2,1,0.5100450591892731,0.4694975557127736
Anthrax-Schism.048,2,1,0.5094137456774346,0.4688994304750273
April_Wine-Roller.188,2,1,0.5086871738677361,0.4717052840992714
Anthrax-Finale.184,2,1,0.5086474017668486,0.4717597444594679
Billy_Idol-Mony_Mony.130,2,1,0.508377818357974,0.4717652328306218
Billy_Talent-Devil_In_A_Midnight_Mass.004,2,1,0.5079625078998848,0.4738961552273263
Slipknot-Everything_Ends.60,2,1,0.5078569338380771,0.4762720028144606
Anthrax-Milk_(Ode_To_Billy).084,2,1,0.5078474181067824,0.4774047653035228
Anthrax-Misery_Loves_Company.010,2,1,0.5076140065025923,0.4722005997718893
Anthrax-Schism.146,2,1,0.5074656349232441,0.4728194716311215
Anthrax-Parasite.060,2,1,0.5071371530670163,0.4719178103853018
Slayer-Aggressive_Perfector.50,2,1,0.5068504049996477,0.4719975658297966
Beastie_Boys-Girls.126,2,1,0.5068035745507056,0.4729310412828753
Anthrax-Make_Me_Laugh.062,2,1,0.506456260344633,0.4719348143794085
Banarama-Na_Na_Hey_Hey_Kiss_Him_Goodbye.010,2,1,0.5063279509514228,0.4734893206936727
Anthrax-Be_All_End_All.024,2,1,0.5062866411785529,0.4736756462982362
Anthrax-Armed_And_Dangerous.116,2,1,0.504909972674564,0.4737953236009004
Beach_Boys-I_Get_Around.096,2,1,0.5046994328374562,0.475269836663345
Anthrax-I_Am_The_Law.132,2,1,0.5045312927348344,0.476093904443271
AC_DC-Highway_to_Hell.016,2,1,0.5042580042044463,0.4756205777255271
Black_Sabbath-Neon_Knights.160,2,1,0.5042241582105919,0.4749978746084399
Stevie_Wonder-Uptight.70,2,1,0.5034009515565063,0.4768457641593793
Billy_Talent-Fallen_Leaves.150,2,1,0.5026295861710047,0.4776739612299064
Autograph-Turn_Up_The_Radio.178,2,1,0.5025382353720625,0.4767120268766631
AC_DC-Can_I_Sit_Next_To_You_Girl.152,2,1,0.5023243663341688,0.4738059608936105
Megadeth-Rattlehead.30,2,1,0.501978951796518,0.4785289749468444
Anthrax-Antisocial.026,2,1,0.5019459143130728,0.478154452985735
Anthrax-AIR.176,2,1,0.5017584476323325,0.4782405469238621
Dead_Kennedys-Funland_At_The_Beach.40,2,1,0.5006516491669671,0.4793624111702043
Anthrax-Medusa.032,2,1,0.5002798622859957,0.4842826138144772
Anthrax-Make_Me_Laugh.046,2,1,0.4997931329915425,0.4805848043666159
April_Wine-Enough_is_Enough.116,2,1,0.4994541795962965,0.4824419809432524
Anthrax-Out_Of_Sight_Out_Of_Mind.070,2,1,0.4992761012152316,0.4814004613289734
Soundgarden-Face_Pollution.80,2,1,0.499218320781346,0.4862238203767968
Anthrax-Parasite.028,2,1,0.4989565435519388,0.4896203772445994
Anthrax-Antisocial.130,2,1,0.4982750160107325,0.4815465341398751
Ozzy_Osbourne-Crazy_Babies.60,2,1,0.4976036810945091,0.4815771044338011
Anthrax-Schism.150,2,1,0.4975829293667769,0.4816875608506254
Anthrax-Misery_Loves_Company.068,2,1,0.4974735704127838,0.4850071451998906
Beyonce_ft_Slim_Thugh-Check_On_it.096,2,1,0.4973596578949876,0.4879765823819333
Testament-Practice_What_You_Preach.30,2,1,0.497352524942736,0.4818556205187083
Dead_Kennedys-Lets_Lynch_The_Landlord.70,2,1,0.4973196891395789,0.4813902581192593
Black_Eyed_Peas-Lets_Get_It_Started.152,2,1,0.4972828661983573,0.4827920158536302
Anthrax-Who_Cares_Wins.026,2,1,0.4970911903049485,0.4819013932456529
Avicii-Wake_Me_Up.052,2,1,0.4965657614630569,0.484579268454893
Bee_Gees-Night_Fever.30,2,1,0.4964667770969161,0.4861650615371707
Blondie-One_Way_Or_Another.082,2,1,0.4961059347704391,0.4824826154791209
Alice_Cooper-Thrill_My_Gorilla.048,2,1,0.4960045967020666,0.4835045102128791
April_Wine-Roller.040,2,1,0.4958915006190254,0.4824596078707967
Anthrax-A_Skeleton_In_The_Closet.046,2,1,0.4958807621905786,0.4844701219971807
AC_DC-Highway_to_Hell.070,2,1,0.4951986164260079,0.4842716399672292
Slayer-Show_No_Mercy.30,2,1,0.4946037810742739,0.4844777941332962
Alice_Cooper-Thrill_My_Gorilla.144,2,1,0.4945652236324157,0.4846192861387931
Anthrax-The_Enemy.190,2,1,0.4943222908095928,0.4865548711905557
Black_Sabbath-Children_Of_The_Grave.180,2,1,0.4942958751073881,0.485420044230215
Katrina_and_the_waves-Walking_on_sunshine.30,2,1,0.4940700720510312,0.4878059991896073
Anthrax-A_Skeleton_In_The_Closet.184,2,1,0.4937539484277791,0.4870380323746394
Anthrax-The_Enemy.178,2,1,0.4927203784571393,0.4860010376646247
Anthrax-Medusa.184,2,1,0.4927069829655774,0.4855350280588664
Anthrax-Schism.148,2,1,0.4921264227406607,0.4914591152786636
Anthrax-Lone_Justice.064,2,1,0.4921091324348572,0.4862640065941255
AC_DC-Highway_to_Hell.094,2,1,0.4920026951489359,0.4915377452922616
WASP-Hellion.80,2,1,0.4919430480554206,0.4871499750462799
Anthrax-Out_Of_Sight_Out_Of_Mind.172,2,1,0.4918347229986131,0.48780179290099
