Al_Green-Lets_Stay_Together.096,1,2,0.001106305542191753,0.9988122748372278
Blue_Oyster_Cult-Dont_Fear_The_Reaper.132,1,2,0.001463646940593442,0.9984367511548553
Burton_Cummings-Fine_State_Of_Affairs.062,1,2,0.00339500862814363,0.9963035934799105
Red_Hot_Chilli_Peppers-Under_the_Bridge.102,1,2,0.003805190510787826,0.9958634517535793
Norah_Jones-Dont_Know_Why.114,1,2,0.005673204979403945,0.9939100458520216
Chicago-Youre_The_Inspiration.086,1,2,0.0083901808402543,0.9910872276381911
Boston-Livin_for_You.124,1,2,0.008257087063183434,0.9910023136971825
Deva_Premal-Devi_Prayer.144,1,2,0.01064824098503193,0.9886503992765792
Deva_Premal-Devi_Prayer.094,1,2,0.01191267643096741,0.9871866676407239
Enigma-Return_To_Innocence.170,1,2,0.01424571575273911,0.9847188209508525
The_Alan_Parsons_Project-Time.60,1,2,0.01432962606017495,0.984553641625958
Zero_7-Spinning.070,1,2,0.01471627546140045,0.9844194917488213
Deva_Premal-Devi_Prayer.134,1,2,0.01531727069804136,0.9835844461926496
Deva_Premal-Om_Namo_Bhagavate.140,1,2,0.01510869142683614,0.9835831699119474
Stan_Getz-The_Girl_From_Ipanema.150,1,2,0.01607640358680432,0.9829845765329391
Metallica-Fade_To_Black.190,1,2,0.01608191855286259,0.9825252618077828
Deva_Premal-Rasa_Govindam.142,1,2,0.01737248605749362,0.981697058939609
Deva_Premal-Devi_Prayer.130,1,2,0.01816773619573458,0.9805346836365587
Ron_Allen-Sage.166,1,2,0.01837457128052046,0.9802093010897839
Deva_Premal-Rasa_Govindam.116,1,2,0.02228124904497231,0.9764884330345479
John_Denver-Leaving_on_a_Jetplane.146,1,2,0.02246079173287581,0.9762426267689664
Eric_Clapton-Wonderful_Tonight.098,1,2,0.02356592051897951,0.9751386136867422
Deva_Premal-Devi_Prayer.138,1,2,0.02342039660539233,0.9748511545860474
Metallica-Fade_To_Black.198,1,2,0.02429428924591021,0.9742225189909406
Deva_Premal-Devi_Prayer.136,1,2,0.02414746530478063,0.97412877110681
South_Park-Up_There.084,1,2,0.02564751419438538,0.9724735377184931
Burton_Cummings-Fine_State_Of_Affairs.136,1,2,0.02640385839683427,0.9720269443642248
Metallica-Fade_To_Black.054,1,2,0.0263631767232801,0.9719446672685552
Metallica-Fade_To_Black.170,1,2,0.02754219706379778,0.9709769411028816
Deva_Premal-Homage_To_Krishna.108,1,2,0.02818340547736373,0.9695897332647576
Eric_Clapton-Wonderful_Tonight.010,1,2,0.02877011711490328,0.9687148919988836
Eric_Clapton-Wonderful_Tonight.030,1,2,0.0296073355823518,0.9676986128962533
Chicago-Youre_The_Inspiration.114,1,2,0.03044420768578425,0.9675212748032364
Al_Green-Lets_Stay_Together.034,1,2,0.03103463929035966,0.9671286648623383
Burton_Cummings-Fine_State_Of_Affairs.074,1,2,0.03362072269638935,0.9643044545135431
Burton_Cummings-Fine_State_Of_Affairs.030,1,2,0.03636107520352482,0.9605300841337631
Stan_Getz-The_Girl_From_Ipanema.096,1,2,0.03758191994561546,0.9597498485453342
Enya-Only_Time_(Radio_Edit).134,1,2,0.03918417398069664,0.9587557601981864
Burton_Cummings-Fine_State_Of_Affairs.010,1,2,0.03923232484383957,0.9572353211998629
Stan_Getz-The_Girl_From_Ipanema.018,1,2,0.04213294753193868,0.955669788611494
Suzanne_D_Mello-Slumdog_Millionaire_Latikas_Theme.080,1,2,0.0426443472975192,0.955018320961766
Celine_Dion-The_Power_Of_Love.134,1,2,0.04562213280765642,0.9520689204355248
Eric_Clapton-Wonderful_Tonight.040,1,2,0.04453180227868397,0.9516780798484465
Eric_Clapton-Wonderful_Tonight.118,1,2,0.04657610704577504,0.9510857098273988
John_Denver-Leaving_on_a_Jetplane.062,1,2,0.04510909851609705,0.9510832257706231
Norah_Jones-Come_Away_with_Me.036,1,2,0.04555367030469386,0.9507803782039117
Blue_Oyster_Cult-Dont_Fear_The_Reaper.094,1,2,0.04674396725792457,0.9504060405030692
Cranberries-Linger.162,1,2,0.04731453961942997,0.9497401097951559
Al_Green-Lets_Stay_Together.084,1,2,0.04639052560198959,0.949550554046071
Celine_Dion-The_Power_Of_Love.090,1,2,0.04824133842105401,0.9493474221461953
Norah_Jones-Come_Away_with_Me.118,1,2,0.04866447519127611,0.9488160453404884
Enya-Only_Time_(Radio_Edit).084,1,2,0.04962594577482551,0.9478567149083146
Zero_7-Spinning.074,1,2,0.05060310456136014,0.946830834197679
The_Alan_Parsons_Project-Time.80,1,2,0.04917769969498878,0.9464371364785661
Eric_Clapton-Wonderful_Tonight.042,1,2,0.05040122954847566,0.9463444437241001
Extreme-More_Than_Words.156,1,2,0.05094586374846639,0.9447117332672171
Deva_Premal-Sammasati.030,1,2,0.05294693379584199,0.9443947365442089
Blue_Oyster_Cult-Dont_Fear_The_Reaper.030,1,2,0.05481676664433941,0.9420682172122564
Deva_Premal-Sammasati.036,1,2,0.05424771896292852,0.9415710390623676
Deva_Premal-Om_Namo_Bhagavate.192,1,2,0.05577957751750953,0.9414364628623594
Eric_Clapton-Let_It_Grow.198,1,2,0.05470977868751976,0.9412737708989063
John_Denver-Leaving_on_a_Jetplane.058,1,2,0.05624356337555123,0.9407656748475917
Chicago-Youre_The_Inspiration.116,1,2,0.05532267472956912,0.9407276261522911
Eric_Clapton-Let_It_Grow.088,1,2,0.05644614227407852,0.9402131053291727
Enya-Only_Time_(Radio_Edit).098,1,2,0.05713565244195988,0.9400073024420686
Deva_Premal-Sammasati.140,1,2,0.05830315723139012,0.9386433300961793
Blue_Oyster_Cult-Dont_Fear_The_Reaper.026,1,2,0.06366764406605867,0.9325720709132301
Metallica-Fade_To_Black.088,1,2,0.06247703838378429,0.9322448761828506
Faith_Hill-There_Youll_Be.098,1,2,0.06536595564699069,0.9296921683045735
Eric_Clapton-Wonderful_Tonight.100,1,2,0.06575100973855884,0.9295586475634223
Stan_Getz-The_Girl_From_Ipanema.032,1,2,0.06537922715390268,0.9293721528775112
Deva_Premal-Devi_Prayer.132,1,2,0.06633036483947138,0.9289141834773645
Deva_Premal-Homage_To_Krishna.182,1,2,0.06892690256547827,0.9263902776288141
Burton_Cummings-Fine_State_Of_Affairs.056,1,2,0.07036461622553687,0.9258061550549262
John_Denver-Leaving_on_a_Jetplane.180,1,2,0.0698404421379511,0.9249110357876339
Extreme-More_Than_Words.118,1,2,0.07300768200417908,0.9221718991966538
Zero_7-Spinning.080,1,2,0.07377630560773778,0.9204451431880956
Deva_Premal-Devi_Prayer.146,1,2,0.07652342602685745,0.9174924011358248
Stan_Getz-The_Girl_From_Ipanema.132,1,2,0.07897629196329226,0.9166546173175223
Deva_Premal-Homage_To_Krishna.120,1,2,0.07931421520485567,0.9162147503065772
Deva_Premal-Rasa_Govindam.152,1,2,0.08002561974439089,0.9160006161096216
Suzanne_D_Mello-Slumdog_Millionaire_Latikas_Theme.086,1,2,0.08021903170132748,0.9157389152700441
Al_Green-Lets_Stay_Together.030,1,2,0.07869493182908442,0.9155741047851088
Faith_Hill-There_Youll_Be.074,1,2,0.08212091418517549,0.9133185207735439
Blue_Oyster_Cult-Dont_Fear_The_Reaper.050,1,2,0.08185427602763888,0.9114427804885306
Deva_Premal-Devi_Prayer.100,1,2,0.08409178661584878,0.9102135651320516
Deva_Premal-Om_Namo_Bhagavate.112,1,2,0.08828380927549698,0.9072009473171564
Norah_Jones-Come_Away_with_Me.000,1,2,0.08668423404670808,0.9070709995985087
Christopher_Cross-Arthurs_Theme.040,1,2,0.08904083159026359,0.9068453868408515
Eric_Clapton-Wonderful_Tonight.048,1,2,0.08674378138635386,0.9055794955433626
Cranberries-Linger.100,1,2,0.08885080152309333,0.9054798422617679
Red_Hot_Chilli_Peppers-Under_the_Bridge.106,1,2,0.09139371910040764,0.9037022562190755
Burton_Cummings-Fine_State_Of_Affairs.114,1,2,0.09031383454184494,0.9030811730447617
Norah_Jones-Dont_Know_Why.140,1,2,0.09165055606197368,0.9029873696057524
Deva_Premal-Rasa_Govindam.174,1,2,0.09382518533526511,0.9014465033433346
Sarah_Brightman-Time_to_Say_Goodbye.146,1,2,0.09335668149540022,0.8997505436107901
Deuter-Aura.120,1,2,0.09726936402333712,0.8954212126961183
Bob_Seger-Like_a_Rock.066,1,2,0.09923318950311338,0.89341449644567
Deva_Premal-Om_Namo_Bhagavate.118,1,2,0.1036635970751233,0.8916444908880787
Al_Green-Lets_Stay_Together.104,1,2,0.1039714336757682,0.8900809790843232
Burton_Cummings-Fine_State_Of_Affairs.052,1,2,0.1036837756138962,0.888391968496907
Faith_Hill-There_Youll_Be.124,1,2,0.1038102755642361,0.8880825152804875
Deva_Premal-Devi_Prayer.128,1,2,0.1057706498372256,0.8870936474974642
The_Alan_Parsons_Project-Time.70,1,2,0.1049524780234352,0.8863708711551608
Metallica-Fade_To_Black.162,1,2,0.1120067960490998,0.8828495786527487
Evanescence-My_Immortal.168,1,2,0.1119325155570524,0.8809673107281766
Deva_Premal-Homage_To_Krishna.076,1,2,0.1131142305747497,0.8787975199771374
Deva_Premal-Om_Namo_Bhagavate.062,1,2,0.1147782553324819,0.8769132552157093
John_Denver-Leaving_on_a_Jetplane.080,1,2,0.1162782948870111,0.8759979024863632
Enya-Only_Time_(Radio_Edit).056,1,2,0.1163363410285445,0.8749733537288709
Al_Green-Lets_Stay_Together.134,1,2,0.1172681485594773,0.8736495317977396
Metallica-Fade_To_Black.176,1,2,0.1182905408629383,0.8729236948600564
Blue_Oyster_Cult-Dont_Fear_The_Reaper.064,1,2,0.1220885551165397,0.8688155291772088
John_Denver-Leaving_on_a_Jetplane.086,1,2,0.1242261908221279,0.8660240576647923
Metallica-Fade_To_Black.050,1,2,0.1255457689554766,0.8658269408370161
Sleep_Deeply-Gentle_Descent.056,1,2,0.1266646582397252,0.8635428926071063
Lifehouse-You_And_Me.094,1,2,0.1287125518097944,0.8631597082153649
Chicago-Youre_The_Inspiration.088,1,2,0.1291492217257363,0.8607135532808976
Red_Hot_Chilli_Peppers-Under_the_Bridge.166,1,2,0.1330801183028037,0.8590529711214041
Enya-Fairytale.106,1,2,0.1350553897499952,0.8577940904531319
Enigma-Return_To_Innocence.160,1,2,0.1337328337639783,0.8575514184483046
Norah_Jones-Dont_Know_Why.174,1,2,0.135891505235605,0.8572864846354159
Lifehouse-You_And_Me.082,1,2,0.135297805846621,0.8543407876740953
Ron_Allen-Tao.154,1,2,0.1365823361353805,0.8533604636721579
Deva_Premal-Sammasati.058,1,2,0.1382078819295531,0.8526675268061908
Cranberries-Linger.128,1,2,0.1381559794885768,0.8517986888053872
Britt_Nicole-Through_the_Eyes_Of_Love.080,1,2,0.1388352509139886,0.8508487013624585
Cranberries-Linger.066,1,2,0.1388090164825867,0.8506845617035356
Enya-Only_Time_(Radio_Edit).030,1,2,0.1392195362845551,0.8503189102529809
Enya-Only_Time_(Radio_Edit).176,1,2,0.1401409178478842,0.8491109119234976
Suzanne_D_Mello-Slumdog_Millionaire_Latikas_Theme.074,1,2,0.144509494103384,0.8479992878159451
Blue_Oyster_Cult-Dont_Fear_The_Reaper.102,1,2,0.1425750760761594,0.8476154379770479
Eric_Clapton-Wonderful_Tonight.046,1,2,0.1464149948776404,0.8444193351803018
Ron_Allen-Be.094,1,2,0.1449103247373911,0.8444120018553923
Celine_Dion-The_Power_Of_Love.188,1,2,0.1467387425391949,0.8432119127453666
Al_Green-Lets_Stay_Together.142,1,2,0.149231795193753,0.8402082058273336
Deva_Premal-Homage_To_Krishna.160,1,2,0.1504711034447777,0.8388785187320184
Deva_Premal-Sammasati.056,1,2,0.1550260304917837,0.8336560723407173
Ron_Allen-Tao.144,1,2,0.157225822475374,0.8322770768144286
Ron_Allen-Kindness.156,1,2,0.158874160544075,0.8322108809791672
Ron_Allen-Be.068,1,2,0.1576115633787542,0.8321294661692232
Stan_Getz-The_Girl_From_Ipanema.166,1,2,0.1563471111660411,0.8315289281771895
Burton_Cummings-Fine_State_Of_Affairs.012,1,2,0.1571514212549333,0.8312688676835589
Enya-Only_Time_(Radio_Edit).050,1,2,0.1624149855487176,0.8307438074911662
Burton_Cummings-Fine_State_Of_Affairs.122,1,2,0.1586680993226382,0.8291129378812822
Metallica-Fade_To_Black.182,1,2,0.1585676656893478,0.8289629184045825
Burton_Cummings-Fine_State_Of_Affairs.152,1,2,0.1613096103292359,0.8288482474277578
Cranberries-Linger.146,1,2,0.1609811451173794,0.8286883505310246
Deva_Premal-Om_Namo_Bhagavate.040,1,2,0.1620166605403203,0.8283102432311406
Divinity-Second_Awakening.038,1,2,0.1613362699863616,0.82718467443051
Metallica-Fade_To_Black.200,1,2,0.1625262120288308,0.8270395451820366
Britt_Nicole-Through_the_Eyes_Of_Love.060,1,2,0.1631238551246331,0.8264933931262303
Norah_Jones-Dont_Know_Why.142,1,2,0.1632298342019165,0.8248481171441423
Deva_Premal-Om_Namo_Bhagavate.182,1,2,0.1642786470275316,0.8241191285839162
Deva_Premal-Rasa_Govindam.074,1,2,0.1647352492967338,0.82346082275872
Red_Hot_Chilli_Peppers-Under_the_Bridge.126,1,2,0.1709622469291269,0.8215151519623838
Divinity-Third_Awakening.168,1,2,0.1667474101926104,0.820817965524097
Burton_Cummings-Fine_State_Of_Affairs.110,1,2,0.1694070383196455,0.820373726575063
Deva_Premal-Sammasati.044,1,2,0.1756575144166089,0.8153509750140974
Suzanne_D_Mello-Slumdog_Millionaire_Latikas_Theme.094,1,2,0.1738698405881801,0.8144707842826091
Deva_Premal-Homage_To_Krishna.170,1,2,0.1783051785671814,0.8138969367854039
Boston-Livin_for_You.028,1,2,0.1753375005850814,0.8134942105750512
Blue_Oyster_Cult-Dont_Fear_The_Reaper.060,1,2,0.1767091831673254,0.8125331833535928
Faith_Hill-There_Youll_Be.006,1,2,0.1782568132678995,0.8087576683351528
Sleep_Deeply-Twilight_Fades.196,1,2,0.1812012811662531,0.808723548611298
Deva_Premal-Devi_Prayer.086,1,2,0.1803156025766506,0.807568244166991
Stan_Getz-The_Girl_From_Ipanema.126,1,2,0.1801805556667107,0.8075458619480147
Blue_Oyster_Cult-Dont_Fear_The_Reaper.078,1,2,0.1804996853281753,0.8070841823705013
Sleep_Deeply-Drifting_In_Dreamland.172,1,2,0.1818055161721537,0.8068823622475296
Toto-Africa.60,1,2,0.1802995824987416,0.8064006447681452
Burton_Cummings-Fine_State_Of_Affairs.094,1,2,0.1846659778272209,0.8050963085781918
John_Denver-Leaving_on_a_Jetplane.132,1,2,0.1855166799232311,0.8037410513979173
Deva_Premal-Rasa_Govindam.172,1,2,0.1834496202471899,0.803231794321655
Enya-Only_Time_(Radio_Edit).042,1,2,0.1849132817773406,0.8026590471650972
Norah_Jones-Dont_Know_Why.160,1,2,0.1856878087007248,0.8012814533864494
Metallica-Fade_To_Black.194,1,2,0.1891859620691111,0.8003595658278269
Deva_Premal-Om_Namo_Bhagavate.158,1,2,0.1911412694477475,0.7991436126295461
Dan_Gibson-Waves_Of_Peace.180,1,2,0.1884882001476829,0.7984372843691319
Al_Green-Lets_Stay_Together.158,1,2,0.1920250698318803,0.7945601351262565
Stan_Getz-The_Girl_From_Ipanema.160,1,2,0.1940662849282694,0.7922750529542291
Eric_Clapton-Wonderful_Tonight.090,1,2,0.1971750959224721,0.7913840808431688
Deva_Premal-Om_Namo_Bhagavate.074,1,2,0.196705580494653,0.7898433906182466
Deva_Premal-Homage_To_Krishna.090,1,2,0.1962142572680307,0.7896925711735285
John_Denver-Leaving_on_a_Jetplane.176,1,2,0.1969402086215085,0.789493283214625
Faith_Hill-There_Youll_Be.106,1,2,0.1997349113756459,0.7862388610706783
Metallica-Fade_To_Black.084,1,2,0.2006490365483938,0.7856660681510625
South_Park-Up_There.080,1,2,0.2010985860734208,0.7851689536280579
Enya-Only_Time_(Radio_Edit).008,1,2,0.2035125103228464,0.784232929911224
Eric_Clapton-Wonderful_Tonight.056,1,2,0.2037814424407615,0.783412537474266
Eric_Clapton-Wonderful_Tonight.050,1,2,0.2043302360391486,0.7823854759192969
Deva_Premal-Sammasati.096,1,2,0.2057068786671356,0.7812928287570384
John_Denver-Leaving_on_a_Jetplane.038,1,2,0.2066680630920752,0.7801609188730967
Al_Green-Lets_Stay_Together.076,1,2,0.2087859235481682,0.7797506560666956
Blue_Oyster_Cult-Dont_Fear_The_Reaper.122,1,2,0.2101220597716424,0.776529621955245
John_Denver-Leaving_on_a_Jetplane.108,1,2,0.2104610951357951,0.7756473376268405
Norah_Jones-Dont_Know_Why.018,1,2,0.2137139475777402,0.7748656088788162
Al_Green-Lets_Stay_Together.116,1,2,0.2143828659197316,0.7735967415089109
Eric_Clapton-Wonderful_Tonight.114,1,2,0.2141799443552961,0.7718064016352446
Deuter-Aura.128,1,2,0.2137376117827749,0.771564754957566
Sleep_Deeply-Twilight_Fades.080,1,2,0.2138948683411073,0.7713502792956959
Pink_Floyd-Us_And_Them.116,1,2,0.2149359129781928,0.7704059599340307
Crepusculo-Bring_me_to_life.026,1,2,0.2184130118506486,0.7681650107189962
Ron_Allen-Sage.038,1,2,0.2198805719361178,0.7681329245663014
Deva_Premal-Homage_To_Krishna.136,1,2,0.2226524102317742,0.767689422856032
Eric_Clapton-Wonderful_Tonight.120,1,2,0.2208654187734664,0.7651081991241886
Extreme-More_Than_Words.150,1,2,0.2208669331773716,0.7639929044035061
Enya-Only_Time_(Radio_Edit).082,1,2,0.222552190234455,0.7638042045496164
Dan_Gibson-Moonrise.122,1,2,0.2221517595903668,0.7630682910232193
Burton_Cummings-Fine_State_Of_Affairs.054,1,2,0.2236951371350932,0.761076565349398
Burton_Cummings-Fine_State_Of_Affairs.156,1,2,0.2303125405438333,0.7603496357207005
Eric_Clapton-Wonderful_Tonight.080,1,2,0.2269895703182295,0.7598506332858119
Burton_Cummings-Fine_State_Of_Affairs.172,1,2,0.2257885140371318,0.7598110595865907
Eric_Clapton-Wonderful_Tonight.198,1,2,0.2294710711485004,0.759645965023399
Divinity-Second_Awakening.090,1,2,0.2313726994104885,0.756219060302367
Eric_Clapton-Wonderful_Tonight.054,1,2,0.2312629262442367,0.7544353895491543
Pink_Floyd-Nobody_Home.40,1,2,0.231193759568949,0.7533138087676864
Suzanne_D_Mello-Slumdog_Millionaire_Latikas_Theme.120,1,2,0.2328438939948772,0.7532202505178185
Norah_Jones-Come_Away_with_Me.034,1,2,0.2339837667987642,0.7513517122360326
Deva_Premal-Homage_To_Krishna.148,1,2,0.2355488605700995,0.7487045911253428
Suzanne_D_Mello-Slumdog_Millionaire_Latikas_Theme.112,1,2,0.2399458364765394,0.7485052675729894
John_Denver-Leaving_on_a_Jetplane.124,1,2,0.2420950934735576,0.7475107633269271
Eric_Clapton-Wonderful_Tonight.064,1,2,0.2399645271693084,0.7470057064327678
Stan_Getz-The_Girl_From_Ipanema.116,1,2,0.2451763218161621,0.7424678666230513
Bryan_Adams-Everything_I_Do_I_Do_It_For_You.078,1,2,0.2461693792299407,0.7404872750060308
Blue_Oyster_Cult-Dont_Fear_The_Reaper.042,1,2,0.2446971797064419,0.7397470290126347
John_Denver-Leaving_on_a_Jetplane.178,1,2,0.246286839307486,0.7392112893648645
Norah_Jones-Dont_Know_Why.032,1,2,0.2476451922533976,0.7384019116505279
Dan_Gibson-Waves_Of_Peace.042,1,2,0.2488915336747732,0.7377790292327769
Chicago-Youre_The_Inspiration.008,1,2,0.2470078594981209,0.7376862849759391
Burton_Cummings-Fine_State_Of_Affairs.180,1,2,0.2489414443147031,0.7366160490805189
Bob_Seger-Like_a_Rock.084,1,2,0.2480274504609435,0.7351955470184952
Faith_Hill-There_Youll_Be.040,1,2,0.2487923070009939,0.7341705832665856
Suzanne_D_Mello-Slumdog_Millionaire_Latikas_Theme.100,1,2,0.2530186120901371,0.7307032568643497
Eric_Clapton-Let_It_Grow.054,1,2,0.256199802740486,0.7298809956068085
Al_Green-Lets_Stay_Together.060,1,2,0.2562828370871614,0.7296084495673753
Blue_Oyster_Cult-Dont_Fear_The_Reaper.028,1,2,0.2567828933321021,0.7278766473741648
Al_Green-Lets_Stay_Together.182,1,2,0.256142202187946,0.7278707586932416
Al_Green-Lets_Stay_Together.022,1,2,0.2556002081375336,0.727824014359899
Burton_Cummings-Fine_State_Of_Affairs.128,1,2,0.256044506960958,0.7278231766168471
Enya-May_it_Be.108,1,2,0.2600510991003431,0.7260065412278328
Metallica-Orion.048,1,2,0.264397924650403,0.7244732110582709
Norah_Jones-Dont_Know_Why.038,1,2,0.260273053057814,0.7242414578497495
Deva_Premal-Rasa_Govindam.062,1,2,0.2607454544541674,0.7235010924101538
Enya-Fairytale.092,1,2,0.2606828872057704,0.7234756855133405
Metallica-Fade_To_Black.188,1,2,0.2609677311082784,0.7229765563160916
Suzanne_D_Mello-Slumdog_Millionaire_Latikas_Theme.090,1,2,0.261083122627815,0.7227988636770334
Celine_Dion-The_Power_Of_Love.102,1,2,0.2622340984291637,0.7211316090805977
Enya-Only_Time_(Radio_Edit).076,1,2,0.2615749791668924,0.7206065618752406
Ron_Allen-Sage.030,1,2,0.2655266435261792,0.7197996996043657
Dan_Gibson-Evening_Song.076,1,2,0.2684736697025864,0.7195366959656814
John_Denver-Leaving_on_a_Jetplane.134,1,2,0.2640681608444322,0.7191404470012257
Norah_Jones-Dont_Know_Why.030,1,2,0.2663295400519168,0.7186405008369021
Al_Green-Lets_Stay_Together.108,1,2,0.2649835718773192,0.7185267724934734
Celine_Dion-The_Power_Of_Love.124,1,2,0.2697451766987526,0.7179930526090077
Eric_Clapton-Wonderful_Tonight.024,1,2,0.2658109871440179,0.7174170839063404
Norah_Jones-Come_Away_with_Me.098,1,2,0.2663307337319368,0.7167087383359295
Al_Green-Lets_Stay_Together.152,1,2,0.2669981423414064,0.7161019272528323
Zero_7-Spinning.056,1,2,0.2720603168341518,0.7158140013403668
Deva_Premal-Homage_To_Krishna.146,1,2,0.2725736759458538,0.7104426263191272
Deva_Premal-Om_Namo_Bhagavate.034,1,2,0.2740600492085993,0.7095045832075931
Burton_Cummings-Fine_State_Of_Affairs.058,1,2,0.2736233181297362,0.7094442210923791
Celine_Dion-The_Power_Of_Love.180,1,2,0.2736887553196217,0.7093290234671269
Led_Zeppelin-Kashmir.124,1,2,0.2725495296462855,0.7089402510901557
Suzanne_D_Mello-Slumdog_Millionaire_Latikas_Theme.116,1,2,0.2768990933997053,0.7087942709471957
Stan_Getz-The_Girl_From_Ipanema.114,1,2,0.281210764371871,0.7066574386393636
John_Denver-Leaving_on_a_Jetplane.064,1,2,0.2767431341213175,0.706546411216938
Extreme-More_Than_Words.154,1,2,0.2770375767045868,0.7056694388694253
Deva_Premal-Om_Namo_Bhagavate.110,1,2,0.277650092807931,0.7050578360787805
Dan_Gibson-Waves_Of_Peace.156,1,2,0.2787567088282214,0.7050152946589328
Sleep_Deeply-Twilight_Fades.116,1,2,0.2804169451343446,0.7046103418306605
Celine_Dion-The_Power_Of_Love.106,1,2,0.2780879491523022,0.7038942161764596
Sleep_Deeply-Safe_And_Sound.160,1,2,0.2791736113039067,0.7031670673823662
Deva_Premal-Sammasati.042,1,2,0.2855412816495666,0.7029940434089026
Ron_Allen-Kindness.150,1,2,0.2792333578561237,0.7025491627096621
Burton_Cummings-Fine_State_Of_Affairs.138,1,2,0.2808823246955495,0.701919008248741
Blue_Oyster_Cult-Dont_Fear_The_Reaper.034,1,2,0.2832937934317343,0.701453331366136
Deva_Premal-Homage_To_Krishna.158,1,2,0.2842101290439575,0.7013948632011051
Deva_Premal-Om_Namo_Bhagavate.194,1,2,0.2821837989927468,0.7012614794015047
Extreme-More_Than_Words.098,1,2,0.2839952813584999,0.7007367152337929
Vivaldi-Winter_2_Largo.30,1,2,0.2841133643024298,0.6999603289609888
Deva_Premal-Devi_Prayer.078,1,2,0.2841164108178241,0.6992997850010364
Pink_Floyd-Us_And_Them.148,1,2,0.2831911317953271,0.6986695480019753
Eric_Clapton-Wonderful_Tonight.194,1,2,0.2879705397886789,0.6969500104667137
Sleep_Deeply-Twilight_Fades.150,1,2,0.2881987886505086,0.6967515471304162
Eric_Clapton-Wonderful_Tonight.182,1,2,0.2915208713406713,0.6949944796179294
Enya-May_it_Be.132,1,2,0.2873508312725438,0.6949004669510442
South_Park-Up_There.076,1,2,0.2872864409720798,0.6947179879940039
Deva_Premal-Devi_Prayer.096,1,2,0.2892914601343445,0.694270921192112
Metallica-Fade_To_Black.108,1,2,0.2981712176765737,0.6903709176748499
Norah_Jones-Dont_Know_Why.168,1,2,0.2952213337852066,0.6881244309757105
Sleep_Deeply-Safe_And_Sound.096,1,2,0.2944128290054758,0.6874399922816028
South_Park-Up_There.066,1,2,0.2954590449738825,0.6865236175879268
Sleep_Deeply-An_Angels_Caress.024,1,2,0.2974717863131925,0.6857211446602254
Sleep_Deeply-Safe_And_Sound.120,1,2,0.2970410557578356,0.6846589669399888
John_Denver-Leaving_on_a_Jetplane.092,1,2,0.2995988434996229,0.6829107548332288
Burton_Cummings-Fine_State_Of_Affairs.166,1,2,0.3023384295656937,0.6811364512913561
Eric_Clapton-Wonderful_Tonight.164,1,2,0.3044985047990041,0.6810592688534128
Burton_Cummings-Fine_State_Of_Affairs.096,1,2,0.3026613272118749,0.6802932686122215
Deva_Premal-Om_Hraum_Mitraya.034,1,2,0.3041608160351907,0.6801874673566238
Extreme-More_Than_Words.134,1,2,0.3026946056127947,0.679972977882865
The_Piano_Guys-A_Thousand_Years.168,1,2,0.3073156058368082,0.6788584884231119
Faith_Hill-There_Youll_Be.060,1,2,0.3037662835831054,0.6783460400350135
Deva_Premal-Om_Namo_Bhagavate.114,1,2,0.3075917682883754,0.6780435751207661
Blue_Oyster_Cult-Dont_Fear_The_Reaper.066,1,2,0.3038068216581072,0.6779865281431224
Boston-Livin_for_You.128,1,2,0.3059077370284379,0.6757762908073917
Dan_Gibson-Waves_Of_Peace.112,1,2,0.3099176850358518,0.6740987502213477
Burton_Cummings-Fine_State_Of_Affairs.146,1,2,0.309489744044696,0.6739418610143231
Dan_Gibson-The_Gentle_Path.066,1,2,0.3131998613695682,0.672830271115255
Dan_Gibson-The_Gentle_Path.156,1,2,0.3122767220833729,0.6726567557588113
Cranberries-Linger.160,1,2,0.3140193309506895,0.672294805630286
Zero_7-Spinning.096,1,2,0.3087339440279772,0.6710199717703076
John_Denver-Leaving_on_a_Jetplane.152,1,2,0.3107026321160741,0.6707999112419676
South_Park-Up_There.068,1,2,0.31495406793579,0.6695342555058502
Deva_Premal-Devi_Prayer.066,1,2,0.31495207502395,0.6689186980511986
America-Ventura_Highway.034,1,2,0.3132328155888053,0.6684425133936627
The_Piano_Guys-A_Thousand_Years.166,1,2,0.3158046098721646,0.6676094162283797
Red_Hot_Chilli_Peppers-Under_the_Bridge.140,1,2,0.3138196977701409,0.667229304347157
Al_Green-Lets_Stay_Together.126,1,2,0.3172542027044032,0.664236124229456
Led_Zeppelin-Kashmir.112,1,2,0.3173617907404895,0.6641709100146139
Enya-Only_Time_(Radio_Edit).014,1,2,0.3202582540431226,0.6612480510207637
Faith_Hill-There_Youll_Be.054,1,2,0.3184761249078317,0.6612252114980267
Deva_Premal-Homage_To_Krishna.176,1,2,0.3203482565308169,0.6608847253219573
John_Denver-Leaving_on_a_Jetplane.194,1,2,0.3235297850122728,0.6596569890329932
Deva_Premal-Rasa_Govindam.170,1,2,0.3276049004539864,0.6584790707154604
Sleep_Deeply-Safe_And_Sound.144,1,2,0.3240098947935474,0.6579829276478227
Deva_Premal-Rasa_Govindam.134,1,2,0.3252320294449014,0.6578709850180627
Sleep_Deeply-Gentle_Descent.050,1,2,0.3235698172200389,0.6576841206389459
Norah_Jones-Dont_Know_Why.072,1,2,0.3241844726433167,0.6571096962517553
Faith_Hill-There_Youll_Be.104,1,2,0.3298352737403857,0.6569084008829493
Deva_Premal-Sammasati.122,1,2,0.3239715298818142,0.6568677503572077
Cranberries-Linger.172,1,2,0.3260731776830539,0.656771588783824
Eric_Clapton-Wonderful_Tonight.166,1,2,0.3241895787559805,0.6566750291848624
The_Piano_Guys-A_Thousand_Years.110,1,2,0.3257910034543868,0.6545147790447008
Sleep_Deeply-Gentle_Descent.124,1,2,0.3265687695278359,0.6539470978097061
Sleep_Deeply-Gentle_Descent.118,1,2,0.330483731109379,0.6506946780097014
Sleep_Deeply-Drifting_In_Dreamland.160,1,2,0.3337471806299816,0.6493788157920173
Deva_Premal-Homage_To_Krishna.172,1,2,0.3318668710591795,0.6492584713339773
Burton_Cummings-Fine_State_Of_Affairs.112,1,2,0.3334467304168022,0.648296589944512
Enya-Only_Time_(Radio_Edit).086,1,2,0.3326218155140957,0.6482707541037219
Al_Green-Lets_Stay_Together.138,1,2,0.3328050119987838,0.6480342375743909
Sleep_Deeply-Gentle_Descent.044,1,2,0.33446093169614,0.6475702820299126
Vivaldi-Winter_2_Largo.40,1,2,0.3367794089120635,0.645763338222548
Ron_Allen-Kindness.078,1,2,0.3385582082497271,0.6454888374387892
Burton_Cummings-Fine_State_Of_Affairs.162,1,2,0.3355147725250435,0.6454703766241302
South_Park-Up_There.082,1,2,0.3385691729100108,0.6429436138635276
Al_Green-Lets_Stay_Together.066,1,2,0.3387689075017691,0.6417098817158978
Vivaldi-Winter_2_Largo.60,1,2,0.340918519174699,0.6415887603108276
Celine_Dion-The_Power_Of_Love.160,1,2,0.3419416133839673,0.6401265580484541
Zero_7-Spinning.052,1,2,0.343074124834176,0.6395965618270413
Blue_Oyster_Cult-Dont_Fear_The_Reaper.006,1,2,0.3415377830803923,0.6393447682765123
Chicago-Youre_The_Inspiration.090,1,2,0.3411354154333296,0.639008757417693
Al_Green-Lets_Stay_Together.074,1,2,0.3435198086974509,0.6388679259698894
Deva_Premal-Sammasati.164,1,2,0.3428061110007197,0.638636262347522
Deva_Premal-Homage_To_Krishna.118,1,2,0.3416729731121756,0.6385988837679621
Deva_Premal-Sammasati.144,1,2,0.3460576384287821,0.6383380950968939
Dan_Gibson-Waves_Of_Peace.140,1,2,0.3447698652990881,0.6370920532055073
Zero_7-Spinning.088,1,2,0.3450094738146723,0.6356489735566639
Deva_Premal-Homage_To_Krishna.104,1,2,0.3506252154149239,0.6352491048034008
John_Denver-Leaving_on_a_Jetplane.130,1,2,0.3457228268098698,0.6349806629908243
Eric_Clapton-Wonderful_Tonight.148,1,2,0.3490555041393708,0.6343524216608388
Deva_Premal-Rasa_Govindam.112,1,2,0.3454020977958093,0.6337955688247311
Britt_Nicole-Through_the_Eyes_Of_Love.140,1,2,0.3484302102399517,0.6313432606030155
Blue_Oyster_Cult-Dont_Fear_The_Reaper.080,1,2,0.3526924044494085,0.6302861583961452
Deva_Premal-Sammasati.082,1,2,0.3516125674514747,0.6299830734850247
Burton_Cummings-Fine_State_Of_Affairs.124,1,2,0.3538331460523499,0.6286101095504744
Eric_Clapton-Wonderful_Tonight.108,1,2,0.3531412745446049,0.6285783631294839
John_Denver-Leaving_on_a_Jetplane.166,1,2,0.3518943749160222,0.6281472522831203
Celine_Dion-The_Power_Of_Love.120,1,2,0.3546097451236287,0.6264092256848528
Celine_Dion-The_Power_Of_Love.136,1,2,0.3584485537555058,0.6260710033926313
Sleep_Deeply-Safe_And_Sound.166,1,2,0.356620925655051,0.625921065232387
The_Piano_Guys-Arwens_Vigil.108,1,2,0.3555078813343709,0.6254613238329965
John_Denver-Leaving_on_a_Jetplane.144,1,2,0.3554635194771835,0.6254072163116081
Red_Hot_Chilli_Peppers-Under_the_Bridge.158,1,2,0.357416082690677,0.6225733561797218
Enya-Only_Time_(Radio_Edit).154,1,2,0.358554405923097,0.6225484980651856
Ron_Allen-Kindness.172,1,2,0.3585214841788875,0.6224298853115328
Boston-Livin_for_You.108,1,2,0.3611277047422385,0.6218616952745954
Blue_Oyster_Cult-Dont_Fear_The_Reaper.142,1,2,0.3587313910988857,0.621002484470722
Boston-Livin_for_You.104,1,2,0.3631340507353167,0.6198246394046518
Burton_Cummings-Fine_State_Of_Affairs.016,1,2,0.3614865287532135,0.6188398375784386
Dan_Gibson-Evening_Song.186,1,2,0.3665672786024064,0.6166363255509012
Boston-Livin_for_You.134,1,2,0.3637632063523755,0.6166318199795832
Deva_Premal-Sammasati.022,1,2,0.3674875634780006,0.61641141524117
Deva_Premal-Om_Namo_Bhagavate.070,1,2,0.3635813450518725,0.615134596100055
Ron_Allen-Be.140,1,2,0.366550017740957,0.6149723699511874
Sleep_Deeply-Gentle_Descent.070,1,2,0.36537766924897,0.6148215071916715
Deva_Premal-Devi_Prayer.110,1,2,0.3677014672172711,0.6138358389503116
Metallica-Orion.054,1,2,0.3721976689320757,0.6129403166719899
Deva_Premal-Devi_Prayer.092,1,2,0.368279657168189,0.6114916503339533
Ron_Allen-Wisdom.032,1,2,0.371744745838544,0.6112969222285976
Eric_Clapton-Wonderful_Tonight.014,1,2,0.3705536864943893,0.6094683963884865
Stan_Getz-The_Girl_From_Ipanema.010,1,2,0.3703118198828333,0.6091893623848832
Sarah_Brightman-Ave_Maria_di_Gounod.188,1,2,0.3710299078701257,0.6082264901879869
Sleep_Deeply-Safe_And_Sound.064,1,2,0.3722267330973392,0.6079594375125348
Suzanne_D_Mello-Slumdog_Millionaire_Latikas_Theme.044,1,2,0.3734371545108834,0.6067485152470008
Chicago-Youre_The_Inspiration.006,1,2,0.3738865330027072,0.6059282803479562
Chicago-Youre_The_Inspiration.084,1,2,0.3749739369969329,0.6056479921294884
Faith_Hill-There_Youll_Be.130,1,2,0.383078383895387,0.6045821616234369
Eric_Clapton-Wonderful_Tonight.076,1,2,0.3800668509855186,0.6039572774832781
Ron_Allen-Sky.124,1,2,0.3779857262217434,0.6027272858980945
Enya-May_it_Be.016,1,2,0.377642179902847,0.6026060578934047
Al_Green-Lets_Stay_Together.078,1,2,0.3785182160085542,0.6025543478235627
Stan_Getz-The_Girl_From_Ipanema.122,1,2,0.3757908525429179,0.6022125345303481
Al_Green-Lets_Stay_Together.042,1,2,0.3809783667763428,0.6021926950903425
Faith_Hill-There_Youll_Be.090,1,2,0.3803665646920327,0.6017264922754301
Eric_Clapton-Wonderful_Tonight.134,1,2,0.3811763962487243,0.6010043933784601
Eric_Clapton-Wonderful_Tonight.072,1,2,0.378153313546665,0.6007627008422392
Zero_7-Spinning.086,1,2,0.3799295798373394,0.6003687483602925
Eric_Clapton-Wonderful_Tonight.060,1,2,0.3812662469718136,0.5988618151587126
Burton_Cummings-Fine_State_Of_Affairs.024,1,2,0.3824534308237906,0.5986836402113656
Burton_Cummings-Fine_State_Of_Affairs.008,1,2,0.3834986310178932,0.59807181268986
Dan_Gibson-Sweet_Musings.068,1,2,0.3855154468195657,0.5973663072788493
Divinity-Second_Awakening.052,1,2,0.3843538192402702,0.59615579485992
Burton_Cummings-Fine_State_Of_Affairs.132,1,2,0.38821614017788,0.5958609753283198
Ron_Allen-Tao.180,1,2,0.3884871819878647,0.5957814002646034
Sleep_Deeply-Safe_And_Sound.056,1,2,0.3844662064376746,0.5954235104297328
Extreme-More_Than_Words.158,1,2,0.386251001685623,0.5949435988845718
Cranberries-Linger.052,1,2,0.3887968951895173,0.5946430031865243
Eric_Clapton-Let_It_Grow.058,1,2,0.3859428493742804,0.5946019142689715
Sleep_Deeply-Safe_And_Sound.042,1,2,0.3854441570703665,0.5943480113770876
Extreme-More_Than_Words.164,1,2,0.3858125781273709,0.5942465698540583
Dan_Gibson-Sweet_Musings.038,1,2,0.3867576345617837,0.5938015336193507
Cranberries-Linger.124,1,2,0.3864524811815317,0.5935642540405904
Ron_Allen-Kindness.062,1,2,0.3887387030798362,0.5929903462897146
Deva_Premal-Sammasati.138,1,2,0.3877246615374345,0.5929652259475858
Eric_Clapton-Wonderful_Tonight.142,1,2,0.3909460933787049,0.5927490144581359
Pink_Floyd-Nobody_Home.50,1,2,0.3870024531535748,0.5926266622374606
Blue_Oyster_Cult-Dont_Fear_The_Reaper.062,1,2,0.388323396316645,0.5923702645257674
Stan_Getz-The_Girl_From_Ipanema.146,1,2,0.3879216561349069,0.5917808702979015
Norah_Jones-Come_Away_with_Me.032,1,2,0.3889044608665898,0.5907752909806556
Enigma-Return_To_Innocence.132,1,2,0.391986549097536,0.5903699880359132
John_Denver-Leaving_on_a_Jetplane.184,1,2,0.3923157869471737,0.5882139513801516
Thendrale-kadhal_desam.018,1,2,0.3921190188982376,0.5881983205711762
Ron_Allen-Kindness.166,1,2,0.3978417149504136,0.5880385196704767
Suzanne_D_Mello-Slumdog_Millionaire_Latikas_Theme.092,1,2,0.3924665352790661,0.5874206871411592
Eric_Clapton-Wonderful_Tonight.112,1,2,0.3949606109403567,0.5871555710996272
Celine_Dion-The_Power_Of_Love.140,1,2,0.393044160823076,0.5863900728066059
Celine_Dion-The_Power_Of_Love.110,1,2,0.3953720186499943,0.5845540331542831
Ron_Allen-Sage.126,1,2,0.3975444440786285,0.5842048126705065
Chicago-Youre_The_Inspiration.040,1,2,0.4001759202794355,0.5839020071295953
Norah_Jones-Dont_Know_Why.076,1,2,0.3972620747982967,0.5837787536376602
Deva_Premal-Rasa_Govindam.180,1,2,0.400883949976833,0.5835637630492425
Enya-Only_Time_(Radio_Edit).162,1,2,0.3968773589921029,0.5834634211016928
Pink_Floyd-Us_And_Them.078,1,2,0.3965040232123905,0.583410063251457
Deva_Premal-Rasa_Govindam.146,1,2,0.3978011223955714,0.5827835762817826
Sleep_Deeply-Gentle_Descent.054,1,2,0.3971729616256587,0.5824736760789411
Extreme-More_Than_Words.014,1,2,0.3967942618568541,0.5823188510182339
John_Denver-Leaving_on_a_Jetplane.148,1,2,0.3993372768037525,0.5822457749583577
Suzanne_D_Mello-Slumdog_Millionaire_Latikas_Theme.122,1,2,0.3975262276928879,0.5820719201209208
Eric_Clapton-Wonderful_Tonight.038,1,2,0.4052280655938131,0.5820549775211601
Deva_Premal-Rasa_Govindam.118,1,2,0.4030421141271258,0.5811321066473351
John_Denver-Leaving_on_a_Jetplane.050,1,2,0.3983206182599948,0.5806357255931627
Boston-Livin_for_You.052,1,2,0.400729536406309,0.5798469179937547
Faith_Hill-There_Youll_Be.136,1,2,0.4022424296251292,0.579573783412859
Christopher_Cross-Arthurs_Theme.038,1,2,0.4009593327465121,0.5793048400161692
Deva_Premal-Homage_To_Krishna.154,1,2,0.4063460725598025,0.5786932910736708
Celine_Dion-The_Power_Of_Love.186,1,2,0.4020438174860168,0.5782791503537621
Extreme-More_Than_Words.182,1,2,0.4018580151682095,0.5782660172392781
Sleep_Deeply-Safe_And_Sound.100,1,2,0.4021231143551722,0.5776011909691242
Sleep_Deeply-Drifting_In_Dreamland.158,1,2,0.4042064921970982,0.577484528583411
Suzanne_D_Mello-Slumdog_Millionaire_Latikas_Theme.064,1,2,0.4022475920523373,0.5756585083282789
Al_Green-Lets_Stay_Together.072,1,2,0.4101787273253894,0.5753656313142285
Stan_Getz-The_Girl_From_Ipanema.008,1,2,0.404022969647707,0.5752944533528346
Norah_Jones-Dont_Know_Why.034,1,2,0.4045400294970658,0.5752677788939046
Pink_Floyd-Comfortably_Numb.40,1,2,0.4038474723916725,0.574449144918785
John_Denver-Leaving_on_a_Jetplane.012,1,2,0.4102548503505414,0.5741109319043348
Red_Hot_Chilli_Peppers-Under_the_Bridge.124,1,2,0.4075355405894356,0.5737726878959003
Enya-Fairytale.072,1,2,0.4049051117918877,0.5736728367195328
Metallica-Fade_To_Black.174,1,2,0.4087038366082496,0.5731928738118582
Sleep_Deeply-Twilight_Fades.076,1,2,0.4102007868447376,0.5720421186303686
Norah_Jones-Dont_Know_Why.156,1,2,0.4078153623986776,0.5717602703364043
Burton_Cummings-Fine_State_Of_Affairs.178,1,2,0.4101931801096487,0.5711886558143423
Pink_Floyd-Us_And_Them.138,1,2,0.4085479576610367,0.5707811751997299
Deva_Premal-Om_Namo_Bhagavate.198,1,2,0.4138897329271272,0.5672549228975293
Red_Hot_Chilli_Peppers-Under_the_Bridge.110,1,2,0.4205103198750971,0.5667799909533822
Sleep_Deeply-Gentle_Descent.068,1,2,0.4138262637853878,0.5655631136498487
Dan_Gibson-Moonrise.200,1,2,0.4166246139318838,0.5649470305086894
Enya-Only_Time_(Radio_Edit).036,1,2,0.4177295373333355,0.5642513016825331
Deva_Premal-Sammasati.014,1,2,0.4142902190918153,0.5641268865036048
Blue_Oyster_Cult-Dont_Fear_The_Reaper.054,1,2,0.4154940943377393,0.5640122688135932
Norah_Jones-Dont_Know_Why.110,1,2,0.4154284551902815,0.5639441131648227
Sleep_Deeply-Safe_And_Sound.086,1,2,0.4154285872702809,0.5638739175287714
Sleep_Deeply-Safe_And_Sound.134,1,2,0.4163231773510456,0.5634417655258787
Deva_Premal-Devi_Prayer.076,1,2,0.4186839647197204,0.5631903087536306
Ron_Allen-Sage.100,1,2,0.4165227217339819,0.5630687659923426
Stan_Getz-The_Girl_From_Ipanema.072,1,2,0.4163040855171254,0.5627641120974549
Enya-Only_Time_(Radio_Edit).156,1,2,0.4172943133260331,0.5622094237872879
Blue_Oyster_Cult-Dont_Fear_The_Reaper.082,1,2,0.4213745568516569,0.5613968673021756
Ron_Allen-Eternal.156,1,2,0.4205553959740498,0.5611709937652943
Dan_Gibson-Evening_Song.122,1,2,0.4182162293830472,0.5606233328105139
Enigma-Return_To_Innocence.164,1,2,0.4188936554427928,0.5605192290599688
John_Denver-Leaving_on_a_Jetplane.044,1,2,0.4192785895743023,0.5605097867315859
Enya-Fairytale.060,1,2,0.419535348788835,0.5604870161474589
Burton_Cummings-Fine_State_Of_Affairs.098,1,2,0.4192437458327363,0.5604389847162211
Enya-Only_Time_(Radio_Edit).048,1,2,0.4191033869813713,0.559875324300686
Norah_Jones-Dont_Know_Why.052,1,2,0.4202762554232203,0.5595783761837195
Eric_Clapton-Let_It_Grow.094,1,2,0.4253975641005097,0.5595630904152255
Al_Green-Lets_Stay_Together.088,1,2,0.4222084378881277,0.5587470122016361
Faith_Hill-There_Youll_Be.138,1,2,0.4211009683584054,0.5578875464090206
Extreme-More_Than_Words.184,1,2,0.4226622971188194,0.5577837807010899
Burton_Cummings-Fine_State_Of_Affairs.174,1,2,0.4222209333427778,0.5574793115672403
Sleep_Deeply-Safe_And_Sound.078,1,2,0.4219734197641413,0.5573777862012325
Deva_Premal-Rasa_Govindam.094,1,2,0.4268226405026272,0.5565857402316076
Burton_Cummings-Fine_State_Of_Affairs.018,1,2,0.4222139275963303,0.5563998532208362
Red_Hot_Chilli_Peppers-Under_the_Bridge.066,1,2,0.4234778156264589,0.5553079194696402
Eric_Clapton-Let_It_Grow.158,1,2,0.4246846873526975,0.5552281628908244
Deva_Premal-Om_Namo_Bhagavate.066,1,2,0.4305295559555713,0.5544725361962723
Faith_Hill-There_Youll_Be.008,1,2,0.4259947145266072,0.5533816247376686
Led_Zeppelin-Kashmir.024,1,2,0.4280283480711643,0.5528285494209548
Norah_Jones-Come_Away_with_Me.028,1,2,0.4273514263764164,0.5527476199706561
John_Denver-Leaving_on_a_Jetplane.096,1,2,0.4282710770878723,0.5527332315538138
Deva_Premal-Om_Hraum_Mitraya.160,1,2,0.429939621401067,0.5522697531372996
Al_Green-Lets_Stay_Together.156,1,2,0.4304950796395428,0.5514991834297744
John_Denver-Leaving_on_a_Jetplane.082,1,2,0.4280480393552285,0.5514520695758182
Enya-Fairytale.116,1,2,0.4315093451561564,0.5511422483378529
Led_Zeppelin-Tangerine.050,1,2,0.4317409808148011,0.5507445311020337
Sleep_Deeply-Safe_And_Sound.054,1,2,0.4309079175273065,0.5484232162897246
Ron_Allen-Kindness.182,1,2,0.4310444440062687,0.5482394836911648
Sleep_Deeply-Safe_And_Sound.146,1,2,0.4312351378483235,0.5481583325463778
Norah_Jones-Dont_Know_Why.086,1,2,0.43204523096554,0.5478845318404199
Pink_Floyd-Goodbye_Blue_Sky.50,1,2,0.43308455334306,0.5468650575667018
Schubert-Symphony_5_In_D_Flat_D_485_Andante.020,1,2,0.4319080162904293,0.5468217232409746
John_Denver-Leaving_on_a_Jetplane.026,1,2,0.4346181871845337,0.5465157019632642
Dan_Gibson-Paradise_Revealed.190,1,2,0.4349197964781246,0.5463551878014637
Metallica-Fade_To_Black.116,1,2,0.4327128418008606,0.5460862444489862
Sleep_Deeply-Safe_And_Sound.050,1,2,0.4337041327781376,0.5455551759254238
Eric_Clapton-Wonderful_Tonight.140,1,2,0.4342825962252178,0.5451848256712684
Eric_Clapton-Let_It_Grow.138,1,2,0.4360373238386698,0.5440394178506068
Norah_Jones-Dont_Know_Why.130,1,2,0.4375365268972674,0.5439127935325582
Enya-Only_Time_(Radio_Edit).092,1,2,0.4353106885698745,0.5439119964472194
Eric_Clapton-Let_It_Grow.184,1,2,0.4362191336746531,0.5434901448702399
Norah_Jones-Dont_Know_Why.050,1,2,0.4356852008982828,0.5430023480366256
Stan_Getz-The_Girl_From_Ipanema.016,1,2,0.4392905145522807,0.5420823307593315
Deva_Premal-Devi_Prayer.118,1,2,0.4398412470424827,0.5420157215138695
John_Denver-Leaving_on_a_Jetplane.162,1,2,0.4380943487289151,0.5419725612493055
Sleep_Deeply-Safe_And_Sound.034,1,2,0.4378221407129723,0.5413892002744343
Stan_Getz-The_Girl_From_Ipanema.102,1,2,0.4374558550291992,0.5411893780737921
Norah_Jones-Dont_Know_Why.000,1,2,0.4374807999812569,0.5402831715993084
Ron_Allen-Sky.094,1,2,0.4400091312509114,0.5401278604294774
Eric_Clapton-Wonderful_Tonight.036,1,2,0.4432332331961076,0.5400247744260183
Dan_Gibson-Evening_Song.078,1,2,0.4403380747051292,0.5395678585798322
Sleep_Deeply-Midnight_Blue.152,1,2,0.4401939738837742,0.5394402165581264
Pink_Floyd-Outside_The_Wall.70,1,2,0.4448837009371055,0.5379051538001396
Eric_Clapton-Wonderful_Tonight.130,1,2,0.441554615291212,0.5378082621514899
Sleep_Deeply-Midnight_Blue.062,1,2,0.4439125593737618,0.5372833910590712
Metallica-Fade_To_Black.096,1,2,0.4479047547801812,0.5372353168467826
Stan_Getz-The_Girl_From_Ipanema.002,1,2,0.4400444141551418,0.5370562412096247
Sleep_Deeply-Safe_And_Sound.048,1,2,0.443430403973097,0.5358964875763653
Sleep_Deeply-Gentle_Descent.126,1,2,0.4435666366438365,0.5355827381249827
Deva_Premal-Rasa_Govindam.046,1,2,0.4423207927003805,0.5353975186368416
Faith_Hill-There_Youll_Be.096,1,2,0.4443308253892641,0.5351725829387567
Al_Green-Lets_Stay_Together.048,1,2,0.4460861934306268,0.534379396182918
Sleep_Deeply-Gentle_Descent.114,1,2,0.4447559695653945,0.534154605369443
Sleep_Deeply-Safe_And_Sound.102,1,2,0.4451990079201794,0.533946230430605
Norah_Jones-Come_Away_with_Me.090,1,2,0.4442060497500165,0.5334307262869032
Ron_Allen-Kindness.144,1,2,0.4470346031103543,0.5327205899266196
Sleep_Deeply-Safe_And_Sound.106,1,2,0.4466390032922222,0.5325737107953442
Ron_Allen-Be.154,1,2,0.446985942298456,0.5324564746826245
John_Denver-Leaving_on_a_Jetplane.110,1,2,0.4516193019997112,0.5323871378589216
Sleep_Deeply-Safe_And_Sound.076,1,2,0.446818331140069,0.5323292405638008
Sleep_Deeply-An_Angels_Caress.040,1,2,0.4511466455135822,0.5308873431165995
Sleep_Deeply-Safe_And_Sound.118,1,2,0.448305148176928,0.5308725908473355
Sleep_Deeply-Safe_And_Sound.116,1,2,0.4493080905012233,0.5302328871528356
Eric_Clapton-Wonderful_Tonight.012,1,2,0.4513151247010458,0.5285605296930004
Norah_Jones-Dont_Know_Why.128,1,2,0.452367920088373,0.5281150832737741
South_Park-Up_There.042,1,2,0.4513876245232254,0.527911473035313
Sarah_Brightman-Ave_Maria_di_Gounod.152,1,2,0.4538249740831933,0.5278101356676526
Sleep_Deeply-Safe_And_Sound.154,1,2,0.4514692884383282,0.527755557485728
John_Denver-Leaving_on_a_Jetplane.046,1,2,0.4514772064816053,0.5275434014680718
Faith_Hill-There_Youll_Be.094,1,2,0.452882998539633,0.5266749855461854
Britt_Nicole-Through_the_Eyes_Of_Love.084,1,2,0.4533585555465104,0.526554348296379
Ron_Allen-Kindness.184,1,2,0.4534979082514881,0.525930620635838
Dan_Gibson-Waves_Of_Peace.084,1,2,0.453337057380772,0.5254896234508486
Vivaldi-Spring_2_Largo.70,1,2,0.4555032919142445,0.5250538712208624
Sleep_Deeply-Safe_And_Sound.122,1,2,0.4549106381196137,0.524639055635547
John_Denver-Leaving_on_a_Jetplane.074,1,2,0.4549794456567042,0.5241670417718026
Bryan_Adams-Everything_I_Do_I_Do_It_For_You.122,1,2,0.4561790271075551,0.5241606276888807
Metallica-Fade_To_Black.160,1,2,0.458550831959904,0.5235425149420131
Eric_Clapton-Wonderful_Tonight.138,1,2,0.4591041679963329,0.523326008153597
Enya-May_it_Be.184,1,2,0.4590543534577188,0.5232765003716201
Blue_Oyster_Cult-Dont_Fear_The_Reaper.040,1,2,0.456664853621801,0.5230776756907738
Divinity-Ethereal_Awakening.082,1,2,0.4610421322287604,0.5228268746297438
Norah_Jones-Come_Away_with_Me.142,1,2,0.4587312440176419,0.5227452263117857
Stan_Getz-The_Girl_From_Ipanema.012,1,2,0.4572652446451855,0.5220252863121488
Faith_Hill-There_Youll_Be.100,1,2,0.4583940123491649,0.5219062643798621
Alicia_Keys-Fallin.30,1,2,0.4595510564966202,0.5218520364721606
Deuter-Venus_Rising.116,1,2,0.4604250491200034,0.5199824986680456
Ron_Allen-Sage.144,1,2,0.4631631919143742,0.5199259654463584
Metallica-Fade_To_Black.098,1,2,0.4678648538002068,0.5197731540749796
Extreme-More_Than_Words.010,1,2,0.4597006287726891,0.5197550273269195
Ron_Allen-Be.156,1,2,0.4643928589096969,0.5194841175745929
Deva_Premal-Sammasati.190,1,2,0.4602859505469196,0.5188836928599538
Faith_Hill-There_Youll_Be.072,1,2,0.4631511623231853,0.518737577610629
Zero_7-Spinning.018,1,2,0.461915732518895,0.5183747607832127
John_Denver-Leaving_on_a_Jetplane.156,1,2,0.4620757846810489,0.5180885570997525
Sleep_Deeply-Safe_And_Sound.142,1,2,0.4631865364660844,0.51643826928648
Sleep_Deeply-Midnight_Blue.146,1,2,0.4659965250863394,0.5163255450312635
Al_Green-Lets_Stay_Together.044,1,2,0.462832006596598,0.5162949171386944
Deuter-Aura.152,1,2,0.4633493934562593,0.5159327440482152
Deva_Premal-Sammasati.146,1,2,0.4659497775318551,0.5152201926298218
South_Park-Up_There.074,1,2,0.466152409122762,0.5145025521816007
Dan_Gibson-Moonrise.110,1,2,0.4670556322830376,0.5142964178353457
Faith_Hill-There_Youll_Be.038,1,2,0.4675953583329953,0.5128967107425969
Sleep_Deeply-Safe_And_Sound.032,1,2,0.4661774281579856,0.5128790085614979
Bob_Seger-Like_a_Rock.082,1,2,0.4665447676047257,0.512497641192653
Sleep_Deeply-Safe_And_Sound.060,1,2,0.4666177148823643,0.5124533392055868
Led_Zeppelin-Kashmir.042,1,2,0.4689577951718534,0.5118910611707819
Cranberries-Linger.188,1,2,0.4677714888027987,0.5116689953201581
Red_Hot_Chilli_Peppers-Under_the_Bridge.094,1,2,0.468661029480601,0.5111520347805473
Vivaldi-Summer_2_Adagio.80,1,2,0.4693469792554254,0.5110822250471481
South_Park-Up_There.050,1,2,0.472561996293074,0.5108109183888514
Extreme-More_Than_Words.152,1,2,0.4704378530055414,0.5107119984143729
Norah_Jones-Come_Away_with_Me.074,1,2,0.4697571743773363,0.5104805936737511
Sleep_Deeply-Safe_And_Sound.058,1,2,0.4686908702296121,0.5103175069636855
Divinity-Second_Awakening.096,1,2,0.4689469452958948,0.5100613875637787
Extreme-More_Than_Words.200,1,2,0.4703803209527729,0.5093556363684194
Sarah_Brightman-Ave_Maria_di_Gounod.168,1,2,0.4687720309937768,0.5088539274876839
Sleep_Deeply-Gentle_Descent.066,1,2,0.4701801221258165,0.5087799238932182
Deva_Premal-Om_Namo_Bhagavate.064,1,2,0.4691893011535591,0.5087477241841275
Dan_Gibson-Paradise_Revealed.102,1,2,0.4731361733709639,0.5084559169960843
Deuter-Venus_Rising.118,1,2,0.4713259566333177,0.5083336953916616
The_Piano_Guys-A_Thousand_Years.156,1,2,0.4709398462424947,0.5081203815333795
Blue_Oyster_Cult-Dont_Fear_The_Reaper.098,1,2,0.4711646058814954,0.5080010115871293
Blue_Oyster_Cult-Dont_Fear_The_Reaper.106,1,2,0.4728507744288271,0.507336685511689
Deva_Premal-Sammasati.060,1,2,0.4735789890953467,0.5065835622792837
Blue_Oyster_Cult-Dont_Fear_The_Reaper.100,1,2,0.4726973694373836,0.5065470131201079
Dan_Gibson-Evening_Song.144,1,2,0.476254357557773,0.5065342174927983
Celine_Dion-The_Power_Of_Love.182,1,2,0.4741279747434585,0.5048514762049366
Extreme-More_Than_Words.194,1,2,0.4774106947377491,0.504429811190332
Ron_Allen-Eternal.142,1,2,0.478076405430685,0.5043494314302293
Deuter-Venus_Rising.188,1,2,0.4742178406488421,0.5042482853984297
Deva_Premal-Sammasati.174,1,2,0.4734009269459422,0.50414509732911
Dan_Gibson-Waves_Of_Peace.100,1,2,0.4774471280331203,0.5029998096662768
Sleep_Deeply-Gentle_Descent.148,1,2,0.479673733374427,0.5025244603998721
Sleep_Deeply-Worlds_Away.092,1,2,0.47891880516404,0.5021839525138767
Burton_Cummings-Fine_State_Of_Affairs.038,1,2,0.4778302824613231,0.500453568287941
Deva_Premal-Rasa_Govindam.190,1,2,0.4790262857345055,0.5002372133864076
Ron_Allen-Tao.124,1,2,0.4809794002011852,0.5000773710848035
Dan_Gibson-The_Gentle_Path.064,1,2,0.4807766451441194,0.4999646396385303
Deva_Premal-Sammasati.148,1,2,0.4814716306596099,0.4996063266154383
Deva_Premal-Sammasati.090,1,2,0.4792879865212458,0.4992690803831982
Red_Hot_Chilli_Peppers-Under_the_Bridge.108,1,2,0.4812412729393313,0.4988505071545926
Deva_Premal-Sammasati.012,1,2,0.4820224700177667,0.4986494404481294
Enigma-Return_To_Innocence.162,1,2,0.4816914235381605,0.4984546464263279
Al_Green-Lets_Stay_Together.148,1,2,0.4794868266717532,0.498153975565614
Ron_Allen-Kindness.044,1,2,0.4816735780867369,0.4969843242720949
Ron_Allen-Kindness.152,1,2,0.4830372698375241,0.4965986337861301
Burton_Cummings-Fine_State_Of_Affairs.002,1,2,0.4830771871503649,0.4960176493487358
Deva_Premal-Rasa_Govindam.192,1,2,0.4854388676939571,0.4953640680889553
Deva_Premal-Homage_To_Krishna.082,1,2,0.4852854530181289,0.4952929278369947
Deva_Premal-Om_Namo_Bhagavate.124,1,2,0.4864710754091833,0.4945241753007161
Sleep_Deeply-Safe_And_Sound.092,1,2,0.4849328023098299,0.4942234909654097
Sleep_Deeply-Safe_And_Sound.152,1,2,0.4852069706219093,0.4942183454203001
Sleep_Deeply-Safe_And_Sound.132,1,2,0.4855634242091174,0.4937464999525592
Deuter-Aura.132,1,2,0.4863311244167985,0.4933599958334302
Deuter-Venus_Rising.186,1,2,0.4858434927064238,0.493230343146267
Sarah_Brightman-Figlio_Perduto.200,1,2,0.4880639970326064,0.4925509724672046
Sleep_Deeply-Safe_And_Sound.138,1,2,0.4870290760206747,0.4924655099889102
Eric_Clapton-Wonderful_Tonight.160,1,2,0.4886500915439498,0.492323231188179
Enigma-Return_To_Innocence.112,1,2,0.4871818146370402,0.4923154545011182
Sleep_Deeply-An_Angels_Caress.054,1,2,0.4881135767032998,0.4923136894652977
Blue_Oyster_Cult-Dont_Fear_The_Reaper.024,1,2,0.4908414371192203,0.4922848522298727
Deva_Premal-Rasa_Govindam.160,1,2,0.4869592651157816,0.4916264298933968
Eric_Clapton-Wonderful_Tonight.034,1,2,0.4875651253148674,0.4914959004923311
Ron_Allen-Kindness.118,1,2,0.4878287939957489,0.4908688012001574
Burton_Cummings-Fine_State_Of_Affairs.142,1,2,0.4889567925180324,0.4904253368310564
Deva_Premal-Sammasati.154,1,2,0.4896350354054972,0.4899499266333229
